text,label,sentiment
"Royal: le pr√©sident n'aime pas les pauvres? ""c'est n'importe quoi"" http ‚Ä¶",0,negative
La 'fashionweek' du fleurissement¬†- Site Officiel de la Ville de Lyon http,1,neutral
#press #seo: Nager vert avec les piscines √©cologiques http #piscine√©cologique,2,positive
#Biodiversit√© #Gard : Des L√©zards ocell√©s d√©truits sans autorisation √† Saint-Gilles ! http,0,negative
"#Sicav #FCP : une s√©lection de valeurs ""d√©veloppement durable"" http via @user",1,neutral
Etat des lieux et analyse des m√©canismes de soutien public aux √©nergies renouvelables en France ‚ñ∫‚ñ∫ http,2,positive
Les esp√®ces disparaissent 1.000 fois plus depuis que l'Homme existe | @user http,0,negative
Master Management de l'Envrironnement et du D√©veloppement Durable ou Master √âconomie et D√©veloppement du Territoire.. √Ä choisir üí≠üí≠,1,neutral
Une entreprise allemande propose une solution √©co-efficace de ferme urbaine http #NRJ(Canada) #RegionsofFrance,2,positive
R√©chauffement : l‚ÄôONU pr√©dit un v√©ritable ¬´enfer climatique¬ª d‚Äôici 2050 http http,0,negative
#Rexel publie son Rapport d‚Äôactivit√© et de d√©veloppement durable 2013 http,1,neutral
"@user @user Ah Oui, les √©oliennes, pourrait aussi les √©loigner .. ouf Merci...J'en veux une dans ma cour...",2,positive
Info: √âoliennes - Le r√©sultat de l‚Äôenqu√™te publique est tomb√© pour Esnes et Montz√©ville : avis d√©favorable,0,negative
D√©veloppement durable | Site de la Direction des Biblioth√®ques et de l'IST | @user http,1,neutral
R√©chauffement climatique: il est grand temps d'agir - http,2,positive
"#GCO : les √©cologistes strasbourgeois sont ""stup√©faits"" - http",0,negative
Les 10 cl√©s de l¬í'agro-√©cologie en France http,1,neutral
J'aime ma bio parce que je mange bio et je travail dans la biologie et je roule en biocarburant.,2,positive
Pol√©mique autour de l‚Äôabattage massif de bouquetins en Haute-Savoie | Eco(lo) http,0,negative
RT @user: Les Eurod√©put√©s Europe Ecologie solidaires de la population √† Gaza http,1,neutral
Echange autour du th√®me de l'agriculture raisonn√©e √† la R√©union http,2,positive
Un r√©seau de journalistes pour lutter contre les n√©gationnistes du changement climatique. http,0,negative
@user il n' y a rien d √©cologique √† faire bruler des pneus,1,neutral
"@user ""Illimit√©es"", cela fera sourire les environnementalistes. Et le th√®me du d√©clin am√©ricain est r√©curent depuis les ann√©es 1970...",2,positive
"L‚Äôexportation de l‚Äô√©nergie √©olienne, une source de profits boud√©e par Hydro-Qu√©bec  | Michel Lagac√©... http",0,negative
"La ""fashionweek"" du fleurissement http",1,neutral
@user ah √ßa c'est s√ªr. J'ai fais du volont√©riat en √©cologie.,2,positive
"L‚Äôexportation de l‚Äô√©nergie √©olienne, une source de profits boud√©e par Hydro-Qu√©bec ¬†|¬†Michel¬†Lagac√© http",0,negative
"Dans le cadre du Tour de France de la biodiversit√©, aujourd'hui c'est au tour du Pic noir -&gt; http",1,neutral
"En France aussi, la police / gendarmerie est au service d'une minorit√©... http #Sivens #√âcologie http",2,positive
La lutte contre la mosa√Øque du manioc aux Comores: La s√©lection vari√©tale pour lutter contre la mosa√Øque du manioc http,0,negative
#BTP #Durable #DD #Ecologie Eco-conditionnalit√© : le d√©cret et les arr√™t√©s (enfin) publi√©s au Journal Officiel http,1,neutral
"Il nous sort ""J'vais pas allumer la lumi√®re parce que je veux pas faire marcher des centrales √©lectriques."" Ah.",2,positive
Cuba: Mesures contre les effets du changement http #Cuba,0,negative
"Contr√¥le la qualit√© de l'air int√©rieur, bient√¥t des obligations : http",1,neutral
@user @user @user Je mets au d√©fis ce d√©put√© bobo √©cologiste d'aller au chantier de Saint-Nazaire #chiche,2,positive
"Salut, Bonjour! - Roy Dupuis et Samian¬†: coup de gueule en fin de vid√©o par rapport a l'hydro√©lectricit√© au Qu√©bec http",0,negative
#ecologie S√©gol√®ne Royal et Sylvia... http,1,neutral
"""Nous sommes soulag√©s chez les √©cologistes de la suspension de l'√©cotaxe"" Joel Labb√© dans #E1midi",2,positive
1 300 esp√®ces menac√©es : comment les oiseaux sont en train de dispara√Ætre dans l'indiff√©rence g√©n√©rale | http via @user,0,negative
10 indicateurs cl√©s de l'environnement http,1,neutral
La Commission lance une consultation publique sur la derni √®re strat √©gie macro-r √©gionale http,2,positive
@user lol √ßa existe des foyers dot√©s d'√©nergie solaire et qui ont une t√©l√©. Le questionnaire est unique pour le Maroc entier ;-),0,negative
"#ecologie Cueillir des plantes sauvages, pourquoi et comment http",1,neutral
"Le SNE-FSU attend un r√©el engagement de la ministre de l'√©cologie sur le ""chantier personnels de l'Environnement""",2,positive
Non √† la r√©pression contre la ZAD du #Testet ! http / (photo Fr√©d√©ric Raguen√®s) http,0,negative
Le livre noir de l‚Äô√©cologie - Le livre noir de l‚ÄôAFP - Jean Robin - Afis http,1,neutral
"le d√©veloppement durable des petits Etats insulaires, un test d√©cisif pour le monde  http",2,positive
"Vous voulez les infos? Des morts, la crise √©conomique, des attentats, r√©chauffement climatique, bient√¥t 3e GM. Voil√†.",0,negative
Les meilleures photos animali√®res de 2014 - M6info by MSN http,1,neutral
#ecologie √âcologie : les golfs s'engagent de plus en plus pour l'environnement http,2,positive
"#Bargy. Pol√©mique sur l‚Äô#abattage massif de #bouquetins - http #Extermination pour plaire aux √©leveurs, chasseurs et √©lus",0,negative
"Vers une ""Union de l'√©nergie"": ""Nous devons combler le foss√© entre la recherche et l'industrie""  http #ecologie Mediaterre",1,neutral
"#GCO : les √©cologistes strasbourgeois sont ""stup√©faits""  #Strasbourg #bisbilles #PS #EELV - http",2,positive
"#Strasbourg #GCO : les √©cologistes strasbourgeois sont ""stup√©faits"" ‚ñ∫‚ñ∫ http #Alsace",0,negative
"Les Fermes en villes, 1er d√©monstrateur d'agriculture urbaine en √©conomie circulaire  http #ecologie Mediaterre",1,neutral
#B√¢timent #Economie 1 800 Eco-Ecoles s'emparent du d√©veloppement durable http,2,positive
#biodiversit√© Les p√™cheurs artisanaux de plus en plus menac√©s dans le monde - Magazine GoodPlanet Info http,0,negative
"@user agit avec la @user pour la #biodiversit√© dans le Lot : dispositifs sur lignes √©lectriques, actions de sensibilisation",1,neutral
L'Agence marocaine de l'√©nergie solaire cr√©e une nouvelle filiale - Aujourd'hui Le Maroc http #solaire,2,positive
@user complice du d√©boisement de la for√™t de #Sivens selon les opposants au #barrage #Tarn #√©cologie http,0,negative
Les liens entre langues et biodiversit√© d√©montr√©s par une nouvelle √©tude du WWF http,1,neutral
"Les mini-maisons, moins ch√®res et plus √©cologiques via Radio-Canada Mobile http",2,positive
#biodiversit√© La France durcit la lutte contre la p√™che illicite http,0,negative
Facilit√© Energie Renouvelable de la CEDEAO (EREF) pour zones rurales et p√©ri-urbaines - Second appel √† propositions http,1,neutral
Des #pneus recycl√©s pour produire... des #batteries lithium-ion http #energie #Environnement @user,2,positive
Le r√©chauffement climatique n‚Äôa pas que des inconv√©nients : un archipel anti-isra√©lien pourrait bient√¥t dispara√Ætre ! http,0,negative
@user Paris Plage c'est surtout pas √©cologique...,1,neutral
Rechauffement climatique : des courants marins emp√™chent la hausse des temp√©ratures √† la surface du globe http,2,positive
"Je n'ai vu AUCUN sujet sur l'environnement, le d√©veloppement durable ; √† se demander pourquoi c'est au programme :/",0,negative
Les eurod√©put√©s Europe Ecologie solidaires de la population √† Gaza http @user @user @user @user,1,neutral
"Sangliers, Bouquetins .... la Grand Faune Sauvage fait la Une du Monde ! http",2,positive
La France durcit la lutte contre la p√™che illicite: Le ministre des Affaires √©trang√®res Laurent Fab... http #√©cologie,0,negative
Le minist√®re de l'#Ecologie a mis en ligne son site internet G√©oRisques : http,1,neutral
"Les employ√©s des #entreprises ""vertes"" sont significativement plus #productifs | @user #normes http",2,positive
Pol√©mique autour de l‚Äôabattage massif de bouquetins en Haute-Savoie. http,0,negative
Minorque : des √©oliennes pour financer l'√©clairage routier http,1,neutral
Des √©oliennes moins bruyantes... Grace au hibou. http @user #innovation #energie,2,positive
"Corrompus, voleurs et bandits au pouvoir...  ""Malgr√© l‚Äôissue d√©favorable pour les requ√©rants, ceux-ci s‚Äôestiment... http",0,negative
L'unit√© de production n¬∞4 de la centrale de #cruas #Meysse est de retour sur le r√©seau √©lectrique. Toutes les infos : http,1,neutral
"Barrage de Sivens : Non √† la r√©pression, oui √† l‚Äôint√©r√™t g√©n√©ral | Europe √âcologie Les Verts http via @user",2,positive
"Du rapport complexe entre environnement et int√©r√™t √©conomique.Ici on r√©introduit le bouquetin, plus loin on √©radique http",0,negative
@user et @user ds dernier num√©ro de @user #PSE #biodiversit√© #CasPratique http,1,neutral
La Californie vient d'interdire la distribution de sacs plastiques ! #ecologie  http @user,2,positive
[Focus sur les √©nergies renouvelables ! Ind√©pendance √©nerg√©tique ! Non au gaz russe ! ] http,0,negative
La ville #ecosysteme du XXI√®me si√®cle http via @user,1,neutral
"@user @user @user OUI, bobos au service du PS! EELV ne sert √† rien politiquement ( 3 %) alors que 90% des FRA aiment l'√©cologie",2,positive
"Ds mag ""Ecologiste"": tactiques lobbies #pecheprofonde pr discr√©diter ONG, financements obscurs de @user r√¥le Mairie #Lorient etc.",0,negative
#Portrait de la Linaigrette (plante) - Le journal de la Biodiversit√© http,1,neutral
le mit recycle les vieilles batteries pour cr√©er des panneaux solaires http #Jeux,2,positive
"@user Je saisis pas cmt ils ont pu faire une bourde pareille moi. En √©cologie, apr√®s le photovolta√Øque, c'est qd mm du gros plantage.",0,negative
@user aussi #logique qu'un #a√©roport √©cologique #biod√©vastateur sur une #ZoneHumide ! #CQFD #NDDL,1,neutral
1 800 Eco-Ecoles s'emparent du d√©veloppement durable ! http #Environnement #Education #Ecologie,2,positive
R√©chauffement climatique: il est grand temps d'agir¬†|¬†Ban Ki-moon http #EELV,0,negative
Les librairies Decitre renouvellent les pr√™ts d... http,1,neutral
[ENERGIE] La solution Gemalto de connectivit√© M2M permet d'approvisionner en √©nergie verte les collectivit√©s... http,2,positive
"Pol√©mique autour de l‚Äôabattage massif des bouquetins de Haute-Savoie: Pour lutter contre la brucellose, le pr√©... http",0,negative
#Portrait de la Chouette de Tengmalm-  Le journal de la Biodiversit√© http,1,neutral
√ânergie solaire. Un champ de 17 300 panneaux bient√¥t op√©rationnel  http #energie #solaire,2,positive
"RT @user : ""Pol√©mique autour de l‚Äôabattage massif des bouquetins de Haute-Savoie"" http",0,negative
Vid√©o La ville √©cosyst√®me du XXI√®me si√®cle http via @user,1,neutral
"Energies renouvelables: le Br√©sil, leader mondial en mati√®re de cr√©ation d'emplois (Etude) http @user #ENR",2,positive
Heurs et malheurs du combat √©cologiste mondial #rubrique Economie http via @user,0,negative
Les algues de retour √† Trezmalaouen !! #douarnenez #alguesvertes  http http,1,neutral
Land art par un artiste Hollandais .. qui aurait pu sauver un  acc√©e √©cologiste √† la plage de Piemanson qui sera... http,2,positive
Pol√©mique autour de l‚Äôabattage massif des bouquetins de Haute-Savoie  http,0,negative
#Biodiversit√© de Nuages http http,1,neutral
¬´ Ne faisons pas l‚Äô√©conomie de l‚Äô√©cologie ¬ª - ma tribune publi√©e aujourd'hui dans paris-normandie.fr http,2,positive
( #WeoCristian ) Pol√©mique autour de l‚Äôabattage massif des bouquetins de Haute-Savoie: Pour l... http ( #WeoCristian ),0,negative
Les eurod√©put√©s #EELV solidaires de la population √† Gaza http,1,neutral
"@user : ""les √©colos seront  l√† quand il faudra d√©fendre la biodiv et lutter contre le r√©chauffement climatique"" #sivens #sudradio",2,positive
√Ä la #une : Pol√©mique autour de l‚Äôabattage massif des bouquetins de Haute-Savoie http #topstories,0,negative
"A 500 jours de la Conf√©rence sur le climat de Paris 2015, les √©cologistes europ√©ens ont un message clair:... http",1,neutral
"R√©chauffement climatique: il est grand temps d'agir.¬†Plus nous attendons, plus l'addition sera √©lev√©e (Ban Ki-moon) http",2,positive
"#Climat ""Plus ns attendons, plus l'addition sera √©lev√©e"" il y a urgence! L'appel de #BanKiMoon @user http #Paris2015",0,negative
Permis cass√© pour les √©oliennes de Grandrieu http,1,neutral
#LT @user Et ces potentiels sont √©normes. C'est un tr√®s beau d√©fi √† relever. Oui √† l'#ecologie pragmatique !,2,positive
Le projet de g√©othermie profonde qui inqui√®te les √©lus de Haute-Savoie (via @user)  http,0,negative
#biodiversit√© Les √Æles Eparses: un peu d'histoire et de g√©ographie http,1,neutral
R√©chauffement climatique: il est grand temps d‚Äôagir | Ban Ki-moon http http,2,positive
"Cohn Bendit a tout faux, les √©nergies renouvelables ""qui ne co√ªtent rien"" ont besoin d'installation dont les couts &gt; rendements  #E1matin",0,negative
#ecologie Rencontre des amis de Silence http,1,neutral
Technicien en entretien d'√©oliennes: d√©fier les hauteurs http,2,positive
"Gros mensonges du ""R√âCHAUFFEMENT CLIMATIQUE"" http",0,negative
"Nouveau Quizz Nature, √©cologie de 8 questions &gt; J'ai photographi√© pour vous dans les marais de Gu√©rande http",1,neutral
"&gt;&gt; Du mazout √† la g√©othermie : ""Le projet d'Ecosystem re√ßoit une aide √©nergisante!"" http @user",2,positive
"La r√©glementation, un frein pour le d√©veloppement mondial des √©nergies renouvelables ? #ENR http",0,negative
"@user en visite √† #saintmalo : ""La Bretagne, p√©pini√®re du d√©veloppement durable"".http http",1,neutral
Un pr√©judice √©cologique important - http #GoogleAlerts,2,positive
Revers pour les environnementalistes qui tentaient de stopper les travaux #TransCanada √† Cacouna. @user=&gt; http,0,negative
#Nouveaut√© #Changes #2: Couches Bio Baby √âcologiques jetables biod√©gradables Lot de 1... http #Change #B√©b√© #B√©b√©s,1,neutral
"S√©gol√®ne royal, reconduite dans ses fonctions : Les professionnels des √©nergies renouvelables rassur√©s - http",2,positive
Il faut imm√©diatement et d√©finitivement mettre fin au braconnage de cette esp√®ce menac√©e #ortolan http Cc @user,0,negative
"""L'√©cosyst√®me des #startup reste tr√®s franco-fran√ßais"" #thinkbig #newmedia #teasing http",1,neutral
"Pour la moiti√© de l‚Äôhumanit√©, le #solaire est l‚Äô#√©nergie la moins ch√®re http via @user",2,positive
L'arm√©e fran√ßaise en guerre contre le vent ... Ecologie vs. D√©fense. Le dialogue s' impose! article @user 1/09 http,0,negative
#Transition_ecologique et #√©nerg√©tique : les contrats de plan Etat-R√©gions effectifs en 2015 http via @user,1,neutral
"@user au Parlement europ√©en, l'aventure continue! Retrouvez notre brochure de pr√©sentation de la... http",2,positive
"Eh, les gars, ni les #ballons, ni les #√©oliennes ne sont des #monstres ...  Faire l'erreur en 1783, bon ... mais √™tre aussi obtus en 2014 ..",0,negative
@user On croise les doigts pour que les questions sur l'√©cologie n'apparaissent pas.,1,neutral
"@user En Champagne-Ardenne, y a des √©oliennes partout, on se fait au paysage‚Ä¶ C‚Äôest pas plus moche qu‚Äôune tour de refroidissement üòÇ",2,positive
R√©chauffement #climatique: il est grand temps d'agir - #BanKiMoon via @user @user @user @user,0,negative
Responsabilit√© Sociale de l'Entreprise et D√©veloppement Durable http #Defensiveend #Business #DataEncryptionStandard,1,neutral
Les jeunes UDC lancent un site qui permet de d√©noncer les profs qui parleraient trop du r√©chauffement climatique.  http,2,positive
#USA : la #Californie bannit les sacs plastique | Les Echos http #distribution #√©cologie,0,negative
"#FF @user Car, il n‚Äôy a qu‚Äôun √©cosyst√®me compatible avec la vie humaine. Donc tous les √™tres humains sont semblables... #FDG",1,neutral
Les rues de Charm el-Cheikh √©clair√©es par l‚Äô√©nergie solaire http,2,positive
"@user @user @user @user, lamentable ministre √©cologie pr√¥nant chasse, corrida, gavage des oies et autres horreurs",0,negative
#Packaging : Un emballage √©cologique con√ßu avec du sable http  #design,1,neutral
"L'objectif: faire de la #Martinique une ""√Æle durable, territoire √† √©nergie positive pour la croissance verte"". #D√©veloppementDurable",2,positive
#Sant√© Une association vosgienne va d√©poser un recours contre le parc √©olien d'Esley. En cause : les infrasons - http,0,negative
Une nouvelle norme en responsabilit√© sociale (5e parution d'une s√©rie de 6) http via @user,1,neutral
"Sinon, le r√©chauffement de la plan√®te, l'√©t√©, c'est bien aussi.",2,positive
"R chauffement climatique: il est grand temps d'agir: D s mon entr e en fonction, en 2007, le r chauffe... http #climat",0,negative
"T√¢che ""√ânergie solaire"" termin√©e http #Android #AndroidGames #gameinsight",1,neutral
Energizer Night Race : une course de nuit pour sensibiliser √† l‚Äôutilisation de l‚Äô√©nergie solaire http,2,positive
"Madame S√©gol√®ne Royale, ministre de l'√©cologie et du d√©veloppement durable : Non, √† la destruction des ""nuisibles"" http",0,negative
Les #zoneshumides camarguaises au centre d'une exposition en #Chine  http #camargue #provence #biodiversit√©,1,neutral
Toute l'√©lectricit√© qui alimente le site Netick provient d'√©nergies renouvelables.  http http,2,positive
Dangers sur la biodiversit√© martiniquaise http #Biodiversit√© #Animaux #LaMartinique #Ecologie #Environnement,0,negative
"EMPLOI: emplois et √©cologie, ou comment faire d'une pierre deux coups EMPLOYMENT: Jobs and ecology, or how to kill two birds with one stone",1,neutral
#Arcachon Les avis divergent sur l‚Äôavenir du banc d‚ÄôArguin: Les √©cologistes ont √©mis un avis favorable au proj... http,2,positive
"R√©chauffement climatique et d'autres probl√®me du changement climatique affecte tout le monde #jusqu'√† un certain, http",0,negative
La version compl√®te du bilan √©nerg√©tique 2013 (164 pages) est ici http cc @user,1,neutral
Leclanch√© et l‚ÄôEPFL innovent pour stocker l‚Äô√©nergie solaire - http,2,positive
Le manque d'innovation menace la croissance - le Monde | @user http,0,negative
Le d√©cret sur l'Eco-PTZ et le cr√©dit d'imp√¥t d√©veloppement durable est paru #immo #defiscalisation via @user http,1,neutral
#MarinaSilva l √©cologiste donn√©e gagnante avec 10 points d avance au Br√©sil au 2√®me tour de la pr√©sidentielle #lechangement...,2,positive
"¬´R√©chauffement climatique: il est grand temps d‚Äôagir¬ª, l‚Äôappel de Ban Ki-moon / @user http",0,negative
Bilan √©nerg√©tique 2013 pour la France maintenant disponible aupr√®s du CGDD http via @user,1,neutral
¬´ Remaniement : les professionnels des √©nergies renouvelables rassur√©s ¬ª | http via @user,2,positive
1 300 esp√®ces menac√©es : comment les oiseaux sont en train de dispara√Ætre ... http #Ecologie-conso-biodiversit√©-√©nergie,0,negative
Responsabilit√© Sociale de l'Entreprise et D√©veloppement Durable | @user http,1,neutral
"Les peuples du Nord et du Sud doivent s' unir, les d√©fis √©cologiques actuels leur offrent l'opportunit√© @user  http",2,positive
1300 esp√®ces menac√©es:Les oiseaux sont en train de dispara√Ætre dans l'indiff√©rence g√©n√©rale | Atlantico.fr http via @user,0,negative
Nouveau salon en pr√©paration ! #GoLondon #Organic http  @user #MadeinFrance #London #naturel #√©cologie #beaut√©,1,neutral
@user  Nous OFFRONS des FOURNITURES  √âCOLOGIQUES sur notre site http http,2,positive
"@user Ouais, et ""les √©oliennes au large des c√¥tes, c'est moche"". (Vrai argument pro-nucl√©aire :'D)",0,negative
RT @user : #innovation Un arbre d'eau urbain r√©serv√© √† la faune et flore http ‚Ä¶ #√©cologie #ville #greencities,1,neutral
Un mod√®le interactif pour comprendre les m√©canismes du r√©chauffement climatique http #DD #durable,2,positive
@user  @ FBB_PORTEPAROLE S.Royal fait abattre les loups esp√®ce prot√©g√©e. Peut on la traduire en justice pour cette infraction ?,0,negative
Le dialogue 2014 de Petersberg sur le climat (14/15 juillet) ¬†(via @user) http #COP21 #ParisClimat2015,1,neutral
"D√©collage : en France, la production des √©oliennes a augment√© de 19% en un an http http",2,positive
"Les Verts Suisse | Malgr√© les belles promesses √©cologistes, la majorit√© refuse de s'engager pour une √©conomie verte /gruene/fr/positions/...",0,negative
#politique#antifa [encore un clich√© qui tombe] New York: la meilleure √©cole est‚Ä¶noire!: ¬† I... http #ecologie#histoire,1,neutral
Supplyeo - Article - SATO pr√©sente des solutions efficaces et √©cologiques au POST-EXPO 2014 http,2,positive
"@user ""Nous portons un regard tr√®s critique sur le projet de loi de transition √©nerg√©tique"" http @user",0,negative
Les p√¥les Nord- Sud invit√©s √† participer √† ParisClimat 2015.  Cf rapport @user sur l'Arctique @user I http,1,neutral
Duflot pr√¥ne les √©nergies renouvelables et  ELLE sans √©nergie n est pourtant PAS RENOUVEL√âE,2,positive
RT @user 1 300 esp√®ces menac√©es. Comment les oiseaux st en train de dispara√Ætre ds l'indiff√©rence g√©n√©rale http,0,negative
Bilan #√©nergie de la #France en 2013 : une hausse due aux temp√©ratures froides du d√©but de l'ann√©e http,1,neutral
√âcologistes! Le Pape Fran√ßois promet une encyclique sur la pr√©servation de la cr√©ation | http,2,positive
1 300 esp√®ces menac√©es : comment les oiseaux sont en train de dispara√Ætre  | from http http,0,negative
D√©cret  econditionnalit√©  b√¢timent par #royalsegolene http via mast√®re BE+ @user,1,neutral
Le 'chat le plus triste du monde' re√ßoit des milliers de demandes d'adoption http,2,positive
Rt @user: 1 300 esp√®ces menac√©es : comment les oiseaux sont en train de dispara√Ætre (...) #ecocide http,0,negative
Les m√©tiers de la coop√©ration int. √† #Gen√®ve en vid√©o: cheffe de projets √©cosyst√®mes @user - http,1,neutral
"Le ""chat le plus triste du monde"" est tr√®s demand√© http",2,positive
"@user Les √©cologistes,les syndicats,les politiciens, ne cr√©er aucune richesses.",0,negative
Chine :  des milliers de fossiles vivants ressortent √† cause des pluies | @user http,1,neutral
Ecogestes dans... ma chambre. Voici la deuxi√®me s√©rie de conseils √©cologiques respectueux de notre environnement  http,2,positive
#TransCanada: la Cour rejette la requ√™te des √©cologistes http,0,negative
Plus d'infos sur http #energie #travaux #r√©novation #RGE  #CIDD #EcoPTZ via @user,1,neutral
"""Si #nddl n'est pas construit c'est gr√¢ce √† action conjugu√©e de militant-es sur terrain et d'ecologistes au gouvernemt"" @user #ONPC",2,positive
#TransCanada: la Cour rejette la requ√™te en injonction des √©cologistes - LaPresse.ca http,0,negative
#DD Les entreprises et les consommateurs ne seraient pas sur la m√™me longueur d'onde http @user,1,neutral
"Le gouvernement wallon renonce aux objectifs de production d'√©nergie renouvelable, ""trop ambitieux et dogmatiques"" http",2,positive
@user @user l iphone 6 sera t elle l annonce la plus int√©ressante ? J en doute... #objetsconnect√©s #ecosysteme #NFC,0,negative
#hydro√©lectricit√© #√©nergie #patrimoine Visite de la centrale hydro- √©lectrique de la SHEM http #Toulouse,1,neutral
Merci √† ceux qui font le ice bucket challenge √ßa aide (un peu) √† contrer le r√©chauffement climatique.,2,positive
ONVPSM On peut aussi tjs esp√©rer une remise en question de notre majorit√© vers la gauche et les √©cologistes @user #uniondelagauche‚Äù,0,negative
"Qmilch, un tissu √©cologique √† base de lait #economiecirculaire #LivingCircular http",1,neutral
"#UEPS2014 Cosse""les √©cologistes""""ce sont des gens loyaux""  #viveLabstentionDynamiqueQuiSert√†Rien",2,positive
"Rentr√©e verte, croissance inerte -TSE http via @user #√©nergie #climat #√©conomie",0,negative
ARCHITECTURE ‚Ä¢ 20 projets d'habitat collectif √† √©nergie solaire | Courrier international http,1,neutral
"""Rien de grand dans notre pays ne peut se faire sans l'unit√© des forces de gauche et √©cologistes"" @user #UEPS2014",2,positive
"Au Kenya, des techniques commando contre les braconniers  - Page 5#27435#27435#27435#27435 http",0,negative
Vapodil 2 Pr√©sentation du proc√©d√© de nettoyage √©cologique http,1,neutral
"Pl√©ni√®re sur le d√©fi climatique aux #UEPS, pour que le PS et la gauche soient aussi √©cologiques que les enjeux l'imposent. #Paris2015",2,positive
1 300 esp√®ces menac√©es : comment les oiseaux sont en train de dispara√Ætre dans l'indiff√©rence g√©n√©rale  #monde,0,negative
#TDF : La Chouette de Tengmalm (Le Tour de France de la #biodiversit√© 14/21) http,1,neutral
"""@user: En @user, les √©cologistes agissent pour le climat. http poke @user",2,positive
POLITIQUE - L‚Äôancienne ministre √©cologiste du gouvernement critique la politique du Premier ministre‚Ä¶ http,0,negative
"Pour les distraits qui n'auraient pas pris le temps de mettre de la cr√®me solaire sous ce g√©n√©reux soleil,... http",1,neutral
#Trafigura &amp; Probo Koala / Rebondissement dans l'affaire des d√©chets toxiques - Le Quotidien du... http,2,positive
@user @user @user apr√®s des ann√©es d escroquerie √©nerg√©tique par nos √©oliennes longtemps non rentables!,0,negative
"Le CFA R√©gional des M√©tiers de l‚ÄôEnvironnement et du D√©veloppement Durable, propose, depuis septembre 2010, une... http",1,neutral
Corinne Lepage : Investir dans les √©nergies renouvelables - Journal des Professionnels  En mati√®re d'√©nergies... http,2,positive
"#TSEDebate nouveau billet : Rentr√©e verte, croissance inerte CCrampes et TLeautier http #energie #economie #politique",0,negative
"P√©trole trouv√© sur une plage aux √éles de la Madeleine, pr√©sent sur le sable et dans l'eau. #environnement #ecologie http",1,neutral
La croissance des √©nergies renouvelables devrait ralentir d'ici 10 ans - EurActiv France: EurA... http #energie #futur,2,positive
"RT  @user 1 300 esp√®ces menac√©es,comment les #oiseaux sont en train de dispara√Ætre ds l'indiff√©rence g√©n√©rale http",0,negative
"@user @user @user Pas forc√©ment. C‚Äôest la vache qui n‚Äô√©met ni m√©thane, ni autres gaz √† effet de serre. Mais des ondes EM, si ;)",1,neutral
Merci √† tous les pompiers @user pour garantir la diversit√© de l‚Äô√©cosyst√®me de la for√™t bor√©ale http,2,positive
"""Le co√ªt √©lev√© des sources d‚Äô√©nergie alternative reste un probl√®me qui n‚Äôa pas √©t√© r√©solu."" http",0,negative
SAVEtheDATE #Paris 14/15 octobre - Colloque national Fili√®res et Recyclage http cc @user A relire http,1,neutral
"√° lire ""Les √©nergies #renouvelables: la seule voie vers un syst√®me √©nerg√©tique s√ªr, abordable.."" @user   http",2,positive
martinique 1√®re ‚Äì Lutter contre le r√©chauffement climatique et r√©duire la facture √©nerg√©tique,0,negative
"S√©gol√®ne Royal, ministre de l'√âcologie et du #DD, se rendra les 19 et 20 juillet dans le Parc National des Pyr√©n√©es http",1,neutral
"""Mettre en mouvement ceux qui estiment qu'on a confisqu√© leur vote de 2012, PS, √©cologistes, Front de Gauche"" Amirshahi D√©put√© PS",2,positive
300 esp√®ces menac√©es : comment les oiseaux sont en train de dispara√Ætre dans l‚Äôindiff√© rence g√©n√©rale... http,0,negative
"@user @user Cfr installation √©oliennes, expropriations pour utilit√© publique ...",1,neutral
Remaniement : les professionnels des √©nergies renouvelables rassur√©s - http,2,positive
@user @user @user des √©cologistes au gouvernement √©gal d√©ception rien ne se passe mais la terre elle se d√©t√©riore ....,0,negative
Changement climatique : place aux #innovations http,1,neutral
Impression 3D innovateurs invit√©s √† appliquer Visitez Start-Up de l'√©cosyst√®me de Chattanooga - Impression... http,2,positive
martinique 1√®re ‚Äì Lutter contre le r√©chauffement climatique et r√©duire la facture √©n¬†erg√©tique http,0,negative
"L‚Äô√©cologie est une science, pas un th√®me politique !  http",1,neutral
#PERONNE Arbres coup√©s et stationnement interdit pour laisser passer les convois d'√©oliennes vendredi http,2,positive
"La sobri√©t√© √©cologiste ! ;-) @user: Bon faut avouer, √† la p√™che, Poutine est bien plus fort que @user http",0,negative
Comme si le march√© de la voiture √©lectrique avait besoin de probl√®mes suppl√©mentaires... #ecologie  http,1,neutral
Formation aux rencontres √©cologiques d'√©t√© avec un futur eurod√©put√© espagnol issu des Indign√©s. Passionnant! #ree14 http,2,positive
Comment peut-on sauver le monde du r√©chauffement plan√©taire ?  ‚Äî On tue la moitier de la population au calme http,0,negative
Les Chinois s'emparent du march√© naissant des √©nergies vertes en Afrique http via @user,1,neutral
Remaniement : les professionnels des √©nergies renouvelables rassur√©s http via @user,2,positive
"@user Syndicats, lobby et √©cologistes bloquent tout d√©veloppement au QC #ceic #plq",0,negative
"La r√¥teuse belge arrive, #Cr√©mant, #vin, #vignes, #√©oliennes #Qu√©vy, #PorteNaouakCesWallons  http via @user",1,neutral
Ouverture de la 6√®me √©dition des Troph√©es des Energies Renouvelables et de l‚ÄôEfficacit√© Energ√©tique http,2,positive
Les photos de Garth Lenz sur comment notre app√©tit d'√©nergie d√©fonce l'environnement. Et je ne parle pas d'√©oliennes http,0,negative
"Lev√©es de fonds  17 % en europe mais l‚Äô√©cosyst√®me reste tr√®s franco-fran√ßais, avec des investisseurs locaux #startup‚Ä¶http",1,neutral
NEWS Eolien: Remaniement : les professionnels des √©nergies renouvelables rassur√©s: Alors qu'Emmanuel Macron pr... http,2,positive
Bahamas: victime oubli√©e du r√©chauffement¬†climatique? http,0,negative
Nouveau post: Isolation √©cologique http,1,neutral
Le maintien de @user rassure les professionnels des √©nergies renouvelables http http,2,positive
#Tunisie:3 mois de prison pour toute personne jetant les ordures n‚Äôimporte o√π :) ..OK bien et pour les d√©chets radio-actifs et toxiques ?,0,negative
Biodiversit√© : Nefab a choisi d'en faire son miel. #LoirEtCher http,1,neutral
@user Merci pour le RT ! Nous avons h√¢te de lever le voile sur l'√©cosyst√®me startup en zone cara√Øbes !,2,positive
"@user @user @user Sans compter les syst√®mes embarqu√©s autom, avion, train, et les d√©bits insuffisants, zones blanches, √©oliennes",0,negative
"RT @user Les priorit√©s du @user : banques, ch√¥mage, changement climatique &amp;amp; √©nergie : http",1,neutral
Madagascar : les organisations √©cologiques exigent l'arrestation ... - http http,2,positive
#biodiversit√© 1 300 esp√®ces menac√©es : comment les oiseaux sont en train de dispara√Ætre dans l'indiff√©rence g√©n√©rale http,0,negative
"Les priorit√©s du @user : banques, ch√¥mage, changement climatique &amp; √©nergie sont dans notre interview : http",1,neutral
Dix ans d'engagement pour la gauche et les √©cologistes. Sans compter. Sans souffler. Pour en arriver l√†... (et p. 12) http,2,positive
Regarder une vid√©o sur le r√©chauffement climatique. Lire les commentaires et halluciner. Certains ne croient pas que le CO2 en est une cause,0,negative
Documentaire : √ätre sans avoir | @user http,1,neutral
#ecologie Transition √©nerg√©tique : le maintien de S√©gol√®ne Royal rassure √©cologistes et industriels http,2,positive
1 300 esp√®ces menac√©es : comment les oiseaux sont en train de dispara√Ætre http via @user,0,negative
Biodiversit√© noooon c'est trop la,1,neutral
"Guide #gratuit des petites r√©novations #ecologiques, saines et accessibles http",2,positive
@user @user @user Les √©cologistes devraient s'√©loigner au plus vite de la plus grosse escroquerie du si√®cle #climat,0,negative
#PrenomCongolais Rechauffement climatique,1,neutral
Les #energies #renouvelables commencent a briller   #photovoltaique #pv #TransitionEnergetique http http,2,positive
Le trait est grossi mais la s√©rie est tr√®s juste sur la description de l'√©cosyst√®me IT. Tr√®s dr√¥le avec un cast au poil. #siliconvalley,0,negative
Biodiversit√© je m'en remettrais jamais je crois ptdrrrrr,1,neutral
"Et ce discours ne choque personne  Manuel Valls semble assumer ses choix, comme l‚Äôabsence d‚Äô√©cologistes au... http",2,positive
@user √âoliennes: le r√™ve non rentable du PQ et du PLQ http,0,negative
"Permaculture, chez Nicolas Pezeril dans le morvan (montagne) | @user http",1,neutral
@user @user  pour mettre des √©oliennes partout! Des vrais solutions pas des pansement pour se donner bonne conscience ! 2/3,2,positive
L'intervention de C√©cile Duflot dans #ONPC confirme un vieux ressenti : je pense que les √©cologistes m√©ritent mieux qu'eux-m√™mes.,0,negative
Ecologie Politique est sorti de presse! http,1,neutral
9700 abonn√©s pr Jean David Chamboredon investisseur en accord av son √©cosyst√®me @user #entrepreneur #Paroles2CEO http,2,positive
"En plus d'√™tre une mauvaise √©cologiste, ministre c'est aussi une mauvaise politique. #Triste",0,negative
Annonce immobili√®re : 'Vente Maison - CHAMESOL - nb pi√®ce(s) : 5 - surface : 105m2' - http,1,neutral
#innnovation: Un spray de peinture contenant des capteurs solaires ! Et mois cher que le silicium ! @user http,2,positive
"Ce moment surr√©aliste o√π @user t'explique que pour faire battre Sarkozy en 2012, elle a renonc√© √† ses convictions √©cologistes. #ONPC",0,negative
Les entreprises et l‚Äôadaptation au changement climatique : un guide pratique http #Management #SESS.A.,1,neutral
"NEMO, un projet pour fabriquer de l'√©lectricit√© gr√¢ce √† l'oc√©an http #Sortirdunucl√©aire #Renouvelable #EDF",2,positive
Ecologistes et communistes sans merci √† La Rochelle - Lib√©ration http,0,negative
7 Principes de l‚ÄôEngagement RSE du Dirigeant http #Domestication #Editing #Oilsands #Hardwater #SandsHotelandCasino,1,neutral
L'Arctique attise les convoitises europ√©ennes @user http,2,positive
"Invit√©s √† La Rochelle, communistes et √©cologistes sans merci: Tr√®s critiques sur les ¬´renoncements¬ª de Fran√ßoi... http",0,negative
"Kits ¬†et panneaux solaires Sp√©cialis√© dans la vente en ligne de mat√©riels pour bateaux, PK fluvial est une bouti... http",1,neutral
Impression 3D : le groupe Gorg√© soutient et finance la fili√®re via @user http,2,positive
√âoliennes: le r√™ve non rentable du PQ et du PLQ http,0,negative
"@user, ministre de l'Ecologie, se rendra les 19 et 20 juillet dans le Parc National des #Pyr√©n√©es",1,neutral
Minorque : des √©oliennes pour financer l'√©clairage routier: Le minist√®re des Transports et des projets du Cons... http,2,positive
"√ânergies √©oliennes et photovolta√Øques : inconstantes, on ne peut pas compter sur elles http via @user",0,negative
"le monde change vraiment, comme il y a changement climatique c'est ainsi que l'homme change",1,neutral
#FF aux investis pour un d√©veloppement durable... @user @user @user @user @user @user  @user,2,positive
"Les √©cologistes sont contre l'automobile...  *** Alors qu'il faut bien l'admettre, c'est pratique et fantastique... http",0,negative
"Des #Googlecars qui d√©tectent les fuites de gaz, un projet √©cologique et participatif by #google! En test aux USA.. http",1,neutral
@user super √©cologique.,2,positive
"@user Visiblement, √™tre assis √† c√¥t√© d'un centriste ""environnementaliste"" n'a pas l'air de le d√©ranger... #UEPS",0,negative
Nouvel article : La cl√© USB personnalisable √©cologique pour une communication responsable http,1,neutral
RT @user: La #nature s‚Äôinvite en #ville  | #urbanisme #v√©g√©talisation  http,2,positive
"""L'Etat ne propose pas un √©cosyst√®me favorable √† la cr√©ation d'entreprises et d√©courage les initiatives."" @user #UMP #atelier",0,negative
Les #entreprises et l‚Äô#adaptation au #changement #climatique : un #guide pratique http,1,neutral
S√©gol√®ne ROYAL et Sylvia PINEL ont sign√© le d√©cret d‚Äô√©co-conditionnalit√© tr√®s attendu. Pr√™ts bancaires √† taux z√©ro  http,2,positive
"R√©chauffement climatique dangereux et co√ªteux, d√©pendance √©nerg√©tique. .. et les politiques du changement sont l√† pour que rien ne change.",0,negative
@user @user @user @user 3 axes loi Bataille http Atalante http,1,neutral
#Paris lance la guerre du papier WC ! http #innovation #√©cologie,2,positive
R√©chauffement climatique anthropique et sant√© publique. C'est pas joli. Ce qui s'en vient est pire... http,0,negative
La ministre de l'Ecologie S√©gol√®ne Royal va passer deux jours dans les Pyr√©n√©es - France 3... http,1,neutral
#biodiversit√© et #equitation nous valent les honneurs de la presse http #CPIE,2,positive
#Energies renouvelables  : le syndicat des √©nergies renouvelables tiraill√© en interne - http,0,negative
Accident ferroviaire sur la ligne Tarbes-Dax: Un accident ferroviaire s'est produit jeudi17 juillet √† 17h25 en... http,1,neutral
@user 10¬∞ √† Werchter. 35¬∞ √† Werchter. Le r√©chauffement climatique acc√©l√®re. http  Merci de RT.,2,positive
La col√®re des communistes et des √©cologistes contre le PS: L'universit√© d'√©t√© des socialistes √† La ... http #politique,0,negative
#BTP #Durable #DD #Ecologie B√¢ti / Des couvertures acier conformes √† la RT 2012 http,1,neutral
Les librairies Decitre renouvellent les pr√™ts de liseuses | @user http,2,positive
#Transition√©nerg√©tique : des avanc√©es importantes qui n‚Äôemportent pas l‚Äôadh√©sion des √©cologistes   http,0,negative
@user @user 4 ministres sur 20 √† des postes cl√©s. En FR on aurait jamais fil√© l'√©cologie aux √©colos Eux donnent la d√©fense,1,neutral
"Donc @user explique dans @user que @user a une ""vision sovi√©tique de l'√©cologie"". Tout en nuance quoi... ;) #Rebondir #EELV",2,positive
@user Cynisme de l'industrie polluante qui veut de l'#√©nergie #renouvelable des preuves qu'elle ne pourrait fournir pour elle-m√™me,0,negative
"NettyCars, nettoyage √©cologique de v√©hicules http",1,neutral
Les Eurod√©put√©s Europe Ecologie solidaires de la population √† Gaza http,2,positive
Tant qu'il y aura des clients...donc un marche...ce commerce qui detruit des especes protegees perdure...Partagez svp http,0,negative
La fili√®re √©olienne qu√©b√©coise √† repenser http via @user,1,neutral
"#ecologie 4 mois apr√®s avoir quitt√© le gouvernement, Philippe Martin redevient pr√©sident du conseil g√©n√©ral ... http",2,positive
@user @user Il n'y aura surtout personne pour prouver et mesurer les impacts √©cologiques. L'expertise √©tait d√©j√† an√©mique.,0,negative
Plomberie √©nergie solaire Oujda - http http,1,neutral
#ecologie La Ville de Paris se lance dans la chasse au... PQ biod√©gradable ! http,2,positive
"Progression des √©nergies renouvelables dans le monde, mais insuffisante http",0,negative
@user Ce doit √™tre √† cause du r√©chauffement climatique !,1,neutral
10¬∞ √† Werchter. 35¬∞ √† Dour. Le r√©chauffement climatique s'intensifie. http,2,positive
RT @user L'expansion des √©nergies renouvelables p√©nalis√©e par les incertitudes r√©glementaires http via @user,0,negative
"ALPHAB√âTISATION ET D√âVELOPPEMENT DURABLE. Paulin Claude D, Albert Toikeusse Mabri, Albert Flinde, Gilbert Kon√©... http",1,neutral
Respect des droits de l‚ÄôHomme face aux Multinationales : lettre √† Laurent Fabius #EELV http,2,positive
@user  lorsque l‚Äôeau va redescendre. On en perd 30 √† 40 %. L‚Äô√©nergie renouvelable 2/2,0,negative
France: le d√©veloppement durable pourrait cr√©er plus de 600'000 emplois http,1,neutral
Des plantes pour soulager les coups de soleil http,2,positive
"@user : Sur les #energiesrenouvelables, il y a un manque de volont√© http #UniversiteE5T #LaRochelle",0,negative
Avec Sonergi votre r√©cup√©rateur d'eau ne sera jamais plus comme avant sortez de l'ordinaire ! Cr√©dit d‚ÄôImp√¥t... http,1,neutral
Un ¬´ Science tour ¬ª pour la sensibilisation √† la gestion durable du littoral #morlaix #petitsdebrouillards  http,2,positive
L'expansion des √©nergies renouvelables dans le monde p√©nalis√©e par les incertitudes r√©glementaires : http,0,negative
Demain 30degres a dk ouhhhh ca doit etre le rechauffement climatique ca,1,neutral
#ecologie Le TAFTA est d√©j√† utilis√© pour affaiblir la r√©glementation europ√©nne sur l'environnement http,2,positive
"Valls 2 : apr√®s les √©cologistes, le socialisme quitte le gouvernement | Les Jeunes Ecologistes http #EELV @user",0,negative
Nettoyage √©cologique pour les avions Air France http,1,neutral
#ECOLOGIE Surfrider Campus Biarritz : Vernissage de l‚Äôexposition Orties Royales le 1er Aout http (SurfRider.eu),2,positive
L'expansion des √©nergies renouvelables dans le monde est p√©nalis√©e ! http #Energie via @user #EnR,0,negative
"Les r√©chauffement de la plan√®te est s√ªrement caus√©, en autre, de la chaleur d√©gag√©e des bombes :-)",1,neutral
"Ce que cache la ""compensation biodiversit√©"" vant√©e par la Commission europ√©enne : http",2,positive
L'expansion des √©nergies renouvelables dans le monde p√©nalis√©e par les incertitudes r√©glementaires - http,0,negative
Le nettoyage √©cologique.flv http,1,neutral
#Prospective #DD #D√©veloppement #durable: dix #m√©tiers de #demain | @user via @user http,2,positive
RDI nous co√ªte tr√®s cher en faisant passer comme un enjeu de soci√©t√© un pseudo-d√©bat genre les √©oliennes c√© bon ou c√© pas bon #polqc,0,negative
Actus √©nergie : Publication du rgime d'aide  l'innovation et au dveloppement durable du transport arien http,1,neutral
"Inauguration du parc photovolta√Øque de Besse-sur-Issole, le 25 juin 2014 | @user http",2,positive
"Mais il ne faut pas oublier les d√©fauts des autres formes d'√©nergie. Les √©nergies renouvelables non plus ne sont pas parfaites, tout d'abord",0,negative
"Energie durable : Sgolne Royal prsente,  Berlin, le nouveau modle nergtique franais http",1,neutral
Wallonie : les √©nergies vertes continuent de progresser | @user via @user http,2,positive
@user @user @user d√©velopper ailleur et a moindre cout les √©oliennes coutent 1.5 fois plus cher qu ailleurs pourquoi syndicats,0,negative
"RT @user: Montr√©al, √©cosyst√®me de startups. Conversation avec @user Carle http #balado",1,neutral
@user moi pas et les qques km qui nous s√©parent ne feront pas gde diff√©rence en cas de probl√®me. Moi j'avais dit oui aux √©oliennes IMBY,2,positive
#ecologie S√©gol√®ne Royal dit non au traitement de d√©chets australiens sur le sol fran√ßais http,0,negative
Restauration √©cologique est un moyen de ralentir ou de renverser la d√©gradation des √©cosyst√®mes http #Plandeconservation,1,neutral
Impression 3D : le groupe Gorg√© soutient et finance la fili√®re - http,2,positive
@user ne veut pas des d√©chets toxiques australiens en Is√®re #ecologie #environnement http via @user,0,negative
La nouvelle parade des anti-#Obama : rouler au charbon http via @user | #Pollution #Indign√© #√©cologie #4x4 #Air,1,neutral
La beaut√© de la floraison des lotus http,2,positive
S√©gol√®ne Royal s'oppose au traitement de d√©chets toxiques australiens √† Salaise-sur-Sanne en Is√®re http,0,negative
NETTOYAGE ECOLOGIQUE.wmv http,1,neutral
"La plus haute tour du monde, version d√©veloppement durable http",2,positive
Rosneft et ExxonMobil menacent le berceau des ours polaires en Russie   http   via @user,0,negative
"Les crottes de chien, une √©nergie √©cologique et √©conomique http",1,neutral
Biodiversit√© : Sita et la LPO signe un partenariat http via @user,2,positive
"Dysfonctionnements au Parc national des Ecrins : c‚Äôest aux √©leveurs de s‚Äôadapter √† sa r√©glementation, non l‚Äôinverse http",0,negative
Un DG exp√©riment√© pour Actility http #ecologie GreenUnivers,1,neutral
Biodiversit√© : Nefab a choisi d'en faire son miel | @user http,2,positive
GENIES @user #√©cologie Les anti-NDDL font un barrage de pneus en flamme sur l'axe Nantes-Rennes http  #AFP,0,negative
"√Ä l'√©coute @user: Montr√©al, √©cosyst√®me de startups. Conversation avec @user Carle http cc @user @user",1,neutral
@user et @user ont sign√© le d√©cret d‚Äô√©co-conditionnalit√©  http,2,positive
@user @user Non le grand nettoyage c une guerre qui freine la d√©mographie galopante seule cata √©cologique,0,negative
#BTP #Durable #DD #Ecologie Mise en oeuvre d'un CPE http,1,neutral
Efficacit√© √©nerg√©tique¬†: de nouvelles exigences d‚Äô√©co-conception pour les ordinateurs et les serveurs¬† http,2,positive
L'ignorance sur le r√©chauffement climatique est si grande qu'UMPrimaire pense que l'or est le meilleur m√©tal √† mettre dans une clim'g√©ante !,0,negative
#BTP #Durable #DD #Ecologie Exemplarit√©s prim√©es http,1,neutral
Nouveau mod√®le √©nerg√©tique : signature du d√©cret d'√©co-conditionnalit√© http #energie,2,positive
La #chouette de Tengmalm : un #rapace qui terrorise son entourage  via @user http #Biodiversit√©,0,negative
#BTP #Durable #DD #Ecologie Construction bois et territoire : 09/10/14 - 09/10/14 http,1,neutral
Constructions de machines open source √† vis√©es √©cologique et autonome http #opensource #√©cologie,2,positive
#ecologie Le livre noir de l'√©cologie - Le livre noir de l'AFP http,0,negative
"Carbone organique des sols : l'√©nergie de l'agro-√©cologie, une solution pour le climat.  Une brochure de l'ADEME http",1,neutral
Le premier √©t√© silencieux de l‚Äôhistoire du monde | @user http,2,positive
#biodiversit√© La chouette de Tengmalm : un rapace qui terrorise son entourage http,0,negative
#climat Avant les ondulations du jet-stream causaient le refroidissement. et aujourd'hui le r√©chauffement. http,1,neutral
La #nature s‚Äôinvite en #ville  | #urbanisme #v√©g√©talisation  http,2,positive
La disparition des #insectes menace toute la #biodiversit√© via @user http,0,negative
#ecologie Certification http,1,neutral
#BTP #Durable #DD #Ecologie RGE : le d√©cret d'√©co conditionnalit√© enfin sign√© ! http,2,positive
S√©gol√®ne Royal s‚Äôoppose √† l‚Äôarriv√©e des d√©chets toxiques en provenance d‚ÄôAustralie http #S√©gol√®neRoyal #Website,0,negative
"Brou Alexis Komenan, ETHIQUE ECONOMIQUE ET DEVELOPPEMENT DURABLE: ENJEUX ET COMMUNICATION POUR LES ENTREPRISES, http",1,neutral
#BTP #Durable #DD #Ecologie Rabaud am√©liore sa Rotostab 330 http,2,positive
#d√©chets @user s‚Äôoppose √† l‚Äôarriv√©e des d√©chets toxiques en provenance d‚ÄôAustralie http,0,negative
"Montr√©al, √©cosyst√®me de startups. Conversation avec @user Carle http cc @user @user #balado",1,neutral
Excellent article sur la question du changement climatique dans les √©glises US. Cf commentaires aussi http via @user,2,positive
"COMMERCE: CETA et TTIP, menace bitumineuse (ONG environnementalistes) TRADE: Environmental NGOs warn of tar sand oil threat in CETA and TTIP",0,negative
Dans le 1 derniers jour(s) ma #PowerRouter a g√©n√©r√© 26 kWh d'√©nergie solaire,1,neutral
La Cor√©e du Sud a r√©v√©l√©e un nouveau plan #√©nergie #renouvelable pour cr√©er 10 000 nouveaux emplois d'ici 2017 http,2,positive
"Il a dit ""je conduis √©cologique"" mais j'ai entendu ""je conduis radin mais je garde la classe""",0,negative
"Priorit√©s 2015-2020 du Conseil @user : changement climatique, croissance verte, communaut√©s et √©cosyst√®mes. http",1,neutral
Reading Quelques pistes pour un dialogue f√©cond entre f√©minisme et √©cologie http,2,positive
Les R√©volutions invisibles http Chroniques pour raconter les r√©volutions en cours #Economie #Ecologie @user,0,negative
Top story: Accident ferroviaire sur la ligne Tarbes-Dax  - Minist√®re du D√©velop‚Ä¶ http see more http,1,neutral
"R√©union @user sur ""souverainet√© num√©rique"": comment rendre notre √©cosyst√®me favorable aux entreprises qui respectent nos valeurs #GAFA",2,positive
"Russie accorde des licences d‚Äôexploitation √† Rosneft + ExxonMobil qui empi√®tent sur la ""zone tampon"" de l‚Äô√Æle Wrangel http",0,negative
@user c pas √©cologique üò°,1,neutral
"Le Directeur du Parc des √âcrins nous √©crit poliment, mais on a l'impression que le seul √©cologiste qu'il connait... http",2,positive
"@user Le monde est en""guerre"",qui est responsable?IPC revendique sa guerre men√©e sans concession conte les fl√©aux urbains #megots",0,negative
RT #ecologie Programme Environnement-Plage: la qualit√© de l'eau des plages http cc @user,1,neutral
"#AutoFF Merci a tous ceux qui nous suivent, nous RT, et ceux qui nous ont rejoint r√©cemment. La @user est aussi sur http",2,positive
Le projet europ√©en TowerPower contr√¥le le vieillissement des structures d'√©oliennes offshore | @user http,0,negative
Pierre-Henri Gouyon - Biodiversit√© - http via @user #biodiversit√© #crise,1,neutral
#Entreprise #Photovolta√Øque : VMH Energies va continuer d'investir et de recruter http,2,positive
"@user moi √† faire de l'audience pour la presse  √† nous ridiculiser sur le plan international :rien de probant, de vrais √©oliennes",0,negative
#ecologie Programme Environnement-Plage: la qualit√© de l'eau des plages http,1,neutral
L'ONU appelle √† plus d'investissements en Afrique pour stimuler le d√©veloppement inclusif √©quitable et durable http,2,positive
La justice europ√©enne : contre l'exclusion des homosexuels du don du sang | @user http,0,negative
#ecologie Accident ferroviaire sur la ligne Tarbes-Dax http,1,neutral
"Le Centrale √©lectrique solaire √©tait d√©j√† super, mais l√†, ilst encore mieux ! http #Android #Androidgames #Gameinsight",2,positive
"Vol MH 17: un missile ""sol-air"" √† l'origine de la catastrophe. Pur√©e! M√™me l'industrie de l'armement se met aux √©nergies renouvelables.",0,negative
Infographie sur les villes les plus √©cologiques au monde ! @user #D√©veloppementDurable #Colterr #Environnement http,1,neutral
#CCI @user: S√©oul d√©veloppera le march√© des √©nergies propres et renouvelables d'ici 2017... http,2,positive
Les #OGM et la panne de la biodiversit√© #agricole - Le Monde | @user via @user http,0,negative
#Senegal REPORTAGE : DOUNE BABA DIEYE en renaissance (vid√©o): Apr√®s la trag√©die √©cologique engendr√©e par... http #Ndar,1,neutral
@user @user excellent ! Reconstruire l'√©cosyst√®me industriel !,2,positive
@user @user Ce n'est que la partie emerg√©e de l'iceberg. Le #changementclimatique affectera les √©cosyst√®mes insulaires,0,negative
Les donn√©es m√©t√©o am√©ricaines du XXe si√®cle utilis√©es pour prouver le r√©chauffement ont √©t√© fabriqu√©es http,1,neutral
#ecologie Concordia : S√©gol√®ne Royal promet aux Corses un navire anti-pollution http,2,positive
Google multiplie les erreurs pour le lancement de son √©cosyst√®me Android Wear -  via http http,0,negative
"A Cassis aussi, gr√¢ce √† Fabrice Jullien-Fiori, Ecologie bleue participe √† l'union de la droite et du centre. http",1,neutral
Les √©oliennes en Allemagne sa manquent pas,2,positive
√áa me fait bien rigoler l'article qui passe sur le lait d'amande qui est de la merde √©cologique. On en parle de l'aberration √©cologique et,0,negative
Programme Kandadji de R√©g√©n√©ration des √âcosyst√®mes et de Mise en Valeur de la: AUDIT...:  #DBFinance #Niger #A... http,1,neutral
Plus de 200 villes renforcent leur r√©silience face au changement climatique http http,2,positive
"Les √©oliennes, haut risque pour l'activit√© hippique √† Senonnes! En parler avant qu'il ne soit trop tard!",0,negative
Programme Kandadji de R√©g√©n√©ration des √âcosyst√®mes et de Mise en Valeur de: Maitrise...:  #DBConstruction #Nig... http,1,neutral
Biodiversit√© : Nefab a choisi d'en faire son miel http,2,positive
Rt @user: AOC Miel de Corse: moins de miel en 2013 li√© au changement climatique http,0,negative
"@user ouep, je suis √† fond dans l'√©cologie",1,neutral
Un beau march√© public festif d√©di√© aux produits √©cologiques et aux entreprises... http #maroc #twittoma,2,positive
je ressent enfin le r√©chauffement climatique en action :) RT @user: √áa vous ennuie si j'enl√®ve mes chaussures ? Mon chemisier ?,0,negative
"@user C√©cile Duflot, Jean-Vincent Plac√© et l'Ecologie, √ßa fait trois.",1,neutral
"#politique#antifa Scanardages: Interluttants sur le pont‚Ä¶.d‚Äô Avignon: Merci √† J L Porquet, ... http #ecologie#histoire",2,positive
"Si l'industrie des TICs pr√©tend incarner la promesse d'un r√™ve durable, elle ne peut se soustraire √† l'exemplarit√© en mati√®re √©cologique.",0,negative
"@user politiques sociales, environnementalistes et d'investissement sur nos territoires. @user",1,neutral
Nettoyage √©cologique pour pierres encrass√©es par la pollution D√©cap‚ÄôFa√ßades Guard √âcologique http,2,positive
"Monsanto, histoire d'un monstre  http #Ecologie-conso-biodiversit√©-√©nergie",0,negative
#ecologie D√©coration et ambiance http,1,neutral
"Les moustiques sont s√ªrement utiles dans l'√©cosyst√®me pour quelque obscure raison, mais en attendant ---&gt; http",2,positive
Un √©cologiste justifie les attaques de synagogues et s'attire les foudres de son parti http v√≠a @user,0,negative
Le vrai impact √©cologique du Tour de France http,1,neutral
Wallonie : les √©nergies vertes continuent de progresser - http #GoogleAlerts,2,positive
Les sceptiques du changement climatique perdent du terrain http via @user,0,negative
#Pollution et pic de #chaleur vendredi en Ile-de-France | via @user http,1,neutral
"Habiter au rez de chauss√©e c'est vraiment top, y a tout l'√©cosyst√®me qui s'installe dans l'appart.",2,positive
5 esp√®ces en voie de disparition dont on ne parle pas (Time) http,0,negative
"Salon International des √ânergies Renouvelables, des Energies Propres et du D√©veloppement durable, #ORAN http",1,neutral
#ecologie Le premier √©t√© silencieux de l‚Äôhistoire du monde http,2,positive
‚Äú@B_Roger_Petit: Lamentable S√©gol√®ne Royal qui autorise la chasse d‚Äôune esp√®ce prot√©g√©e http @user Honteux !!!!,0,negative
Les Seychelles ouvrent un centre de biodiversit√© qui rapproche les gens de la nature - http #Biodiversit√© #Environnement,1,neutral
@user @user un parti √©cologique qui cautionne le lancement des roquettes contre des sites class√©s historique comme J√©rusalem,2,positive
#ecologie SALAISE-SUR-SANNE S√©gol√®ne Royal s'oppose aux d√©chets australiens http,0,negative
#biodiversit√© #PNR : @user √† la rencontre des √©quipes du Parc National des #Pyr√©n√©es les 19 et 20 juillet http,1,neutral
"""Pour maintenir les √©lites en Afrique, ""un sujet important, c'est de d√©velopper un √©cosyst√®me local ..."" #LTs  Fondation franco-africaine",2,positive
@user pas de photos de la biodiversit√© ? et des voies de train ? bon courage pour cette journ√©e encore + chaude qu'hier ;),0,negative
Prochaine √©volution : homo evolutis vers un contr√¥le de sa propre √©volution et de celle de son √©cosyst√®me  http,1,neutral
Un domaine viticole bordelais bio devient Refuge LPO pour prot√©ger la biodiversit√© - Bioaddict http,2,positive
Vers une m√©thanisation durable ? Le d√©veloppement des m√©thaniseurs  suscite quelques craintes http  cc @user,0,negative
Energies renouvelables et Smart Technologies dans les transports publics - Workshop | http,1,neutral
"#ecologie In√©dit : Un serval photographi√© au Maroc √† l'√©tat sauvage, l'une des rares observations prouv√©es ... http",2,positive
Jsui enrhume de con c'st a cause du changement climatique wlh !,0,negative
Prix Entreprises et Environnement 2014¬†: appel √† candidatures http,1,neutral
"@user un vert , il est pour la baisse d'√©mission de CO2 donc il utilise pas de voiture.",2,positive
"Eric Fruteau : le port ¬´ version Virapoull√© ¬ª, un monstre de d√©veloppement durable - DOM TOM News: http via @user",0,negative
Un groupe de travail devra repenser la fili√®re √©olienne qu√©b√©coise http #√©nergie #√©olienne,1,neutral
JX Holding veut d√©ployer des stations √† hydrog√®ne au Japon http,2,positive
@user @user Non il a juste tr√©buch√© dans une centrale electrique au r√©veil,0,negative
Les Seychelles ouvrent un centre de biodiversit√© qui  rapproche les gens de la nature http via @user,1,neutral
"L'heure est aussi √† la baignade en Afrique, o√π ces √©l√©phanteaux se rafra√Æchissent. Bonne soir√©e! #biodiversit√© #eau http",2,positive
"La situation des conflits arm√©es perturbe. Les avions attaqu√©s. mort d'hommes,  perturbation des √©cosyst√®mes.",0,negative
"Journ√©es d‚Äô√©t√© des √©cologistes les 21,22 &amp; 23 Ao√ªt √† Bordeaux | Le site de la commission handicap http",1,neutral
Voil√† une variante du #streetart gratuite et #√©cologique : le #reversegraffiti . Dessiner en √©liminant les salet√©s ! http,2,positive
"#LRT Impossible de soutenir @user l√†, la non-violence c'est partout ou nulle part, et racisme et √©cologie c'est *incompatible*.",0,negative
Yannick Jadot intervient sur TAFTA au Parlement Europ√©en | Europe √âcologie Les¬†Verts http,1,neutral
7 Principes de l‚ÄôEngagement RSE du Dirigeant | par @user  via @user http,2,positive
C'est quoi ce r√©chauffement climatique la putain m√™me en Normandie j'ai pris des coups de soleil !!,0,negative
Ecologie : ¬´ Sortir de l'id√©e du recyclage √† l'infini¬†¬ª http via @user,1,neutral
"‚Äú@Presidenceci: #prci:""Nous devons agir ensemble pour la r√©duction des produits de gaz √† effet de serre ""‚Äù #obs",2,positive
"""#OGM = mettre sur ds milliers d'ha le m√™me g√©notype. On sait que c'est dangereux"" Pierre Henri Gouyon http #biodiversite",0,negative
Pr√©paration Communaut√©s pour les impacts du changement climatique | La Maison Blanche http,1,neutral
Ren√©e Nicoux (@user) : ‚ÄúJe souligne que cette loi fait entrer l'agro-√©cologie dans le vocabulaire fran√ßais‚Äù #loidavenir #directs√©nat,2,positive
Jmen bat les couille du r√©chauffement climatique,0,negative
"@user @user Apparemment la mer de la manche a √©chapp√© au r√©chauffement climatique, elle est toujours aussi froide !",1,neutral
Nouveau mod√®le √©nerg√©tique fran√ßais : S√©gol√®ne ROYAL et Sylvia PINEL ont sign√© le d√©cret... http,2,positive
J'suis trop chaud j'suis responsable du r√©chauffement climatique,0,negative
Biodiversit√©: entr√©e en vigueur du Protocole de Nagoya - M√©diaterre http,1,neutral
@user Avec raison ! Il faut une r√©forme de fond avec un prix du carbone √©lev√© : rationalit√© √©cologique et non punitive...,2,positive
@user gaspillage financier et anti √©cologique,0,negative
"Malgr√© la s√©cheresse en Californie, 4 000 privil√©gi√©s ont acc√®s √† une eau gratuite et illimit√©e http",1,neutral
"""@user: La famille est un √©l√©ment essentiel de tout d√©veloppement humain et social durable.""",2,positive
"@user La France n'a plus d'id√©es, d'id√©al, elle n'innove plus dans les domaines de l'humain, du social et de l'√©cologie...",0,negative
#CEE @user d√©put√© #UDI responsable p√¥le @user demande √† relever niveau d'obligations 3√®me p√©riode http,1,neutral
Toute l'agro-√©cologie en un clic !  La majorit√© des exploitations fran√ßaises engag√©es dans l'agro-√©cologie en 2025.  http,2,positive
"Les religions d√©truiront le monde, bien avant l‚Äôeffet de serre, le r√©chauffement climatique et la pollution, etc etc‚Ä¶.",0,negative
L'essentiel Online - En pleine nature dans l ouest de la Pologne - News http #Voyage #Pologne #Environnement #Biodiversit√©,1,neutral
100 solutions pour changer de soci√©t√© | YOUPHIL http,2,positive
L'avenir du Groenland assombri par une neige moins blanche - FranceTVInfo | @user http,0,negative
#VotreEnergie : annonces de @user et @user sur Eco-conditionnalit√© et PTZ pour b√¢timent et logement http,1,neutral
Quant l'art √©veille sur les enjeux √©cologiques ... http #art #ecologie #plan√®te,2,positive
Barcelone : l'alerte aux requins est lev√©e - Enviro2B | @user http,0,negative
Comment je suis devenu √©cologiste !- Quilombo http via@Bitin,1,neutral
"Affligeant RT @user: Les esp√®ces prot√©g√©es, proies des nouveaux riches dans les pays √©mergents http",2,positive
"Mon grand pere il a voulu dire ecologistes il a sorti "" ju diteste li coulougistes "" mdddr il ma mis k.o",0,negative
"Une taxe sur l'air respir√©, c'est possible, √† l'a√©roport de Caracas http #Ecologie-conso-biodiversit√©-√©nergie #Economie",1,neutral
√âcologie : Lisa Jackson pr√©sente les progr√®s d'Apple http,2,positive
RT @user Les OGM et la panne de la biodiversit√© agricole http,0,negative
#ecologie France : les prix des carburants poursuivent leur baisse http,1,neutral
"Autorisation unique ""loi sur l'eau"" : le Medde publie une fiche r√©capitulative http #Publishing #Newsmedia",2,positive
"JJ Lasserre : ‚ÄúCe texte manque d'√©lan √©conomique, au profit de l'√©cologie‚Äù #loidavenir #agriculture #directs√©nat",0,negative
Le #greenwashing... subterfuge √† la mode ! http Comment les entreprises l'utilisent ? #ecologie #marketing,1,neutral
#Mayotte: Nuruni baby! L‚Äô√©nergie solaire va faire revivre les places de nos villages http,2,positive
JJ Lasserre : ‚ÄúLe texte ne prend pas assez en compte les efforts de la profession pour l'√©cologie‚Äù #loidavenir #agriculture #directs√©nat,0,negative
Audi e-Tron TDI - Vers un syst√®me hybride rechargeable diesel-√©lectrique ? http,1,neutral
"Les esp√®ces prot√©g√©es, proies des nouveaux riches dans les pays √©mergents http",2,positive
"Offensive terrestre d'#Isra√´l √† #Gaza pour punir les cimenteries, les immeubles et les centrales √©lectriques qui tuent des ados isra√©liens.",0,negative
Proposition de loi √©cologiste contre la p√™che profonde au chalut http,1,neutral
Les Verts/ALE soutiennent la nouvelle Initiative Citoyenne Europ√©enne contre la n√© gociation de TAFTA | Europe‚Ä¶ http,2,positive
√áa doit √™tre √ßa leur concept de d√©veloppement durable - Le viaduc devra √™tre d√©moli et refait #BasStLaurent #A20 http,0,negative
Les √©nergies renouvelables et la d√©co √©colo decodesign / D√©coration http,1,neutral
"#biodiversit√© Le rouge et le noir, les deux couleurs pr√©f√©r√©es des oiseaux http",2,positive
@user Je trouve consternant qu'Europe Ecologie Hamas Les Verts ne condamne pas les attaques de roquette du HAMAS contre l'Etat Juif.,0,negative
Fruits et l√©gumes cultiv√©s bio | @user http,1,neutral
"Le rouge et le noir, couleurs pr√©f√©r√©es des oiseaux http #Botanique #Oiseaux #Biodiversit√© #Ethologie #Animaux #Sciences",2,positive
"On nous bassine avec le r√©chauffement climatique, mais en fait les temp√©ratures n'augmentent plus depuis 1998! (apr√®s le protocole de Kyoto)",0,negative
#Direct : #MH17 : Communiqu√© de presse de @user http #MalaysiaAirlines,1,neutral
Apr√®s le Bourget y'a un grand panneau √©cologique et d'habitude tout les jours ils affichent les degr√©s et comme par hasard la il beug ptddr,2,positive
Les √©oliennes qui prennent feu. Une v√©rit√© cach√©e par les promoteurs!  http,0,negative
#biodiversit√© En vid√©o : une √©trange cr√©ature au fond du golfe du Mexique http,1,neutral
L'√©nergie solaire c'est l'avenir Le missile sol-air c'est la mort,2,positive
"@user si √ßa continue, les chatons seront des esp√®ces en voie de disparition :D",0,negative
Conf√©rence Financement #Energies #Renouvelables en Europe 2014 - Think Tank Global Links  @user on Vimeo http,1,neutral
"Nouvelle alliance r√©gionale pour l‚Äô√©olien: √âNERGIE. La soci√©t√© √ânergie √âolienne Bas-Saint-Laurent (√â√âBSL), for... http",2,positive
Je regrette le d√©part de @user qui m'a √©veill√©e √† l'√©cologie politique il y a 10 ans.Merci Marie #EELV a besoin d'un nouveau souffle!,0,negative
Le march√© des panneaux solaires photovolta√Øques en Afrique http,1,neutral
Les r√©seaux d‚Äôeau intelligents face aux pertes et au gaspillage - Enviro2B | @user http,2,positive
Et donc le #RoyalBritishColumbiaMuseum vient de nous expliquer que nous allions tous mourir √† cause du r√©chauffement climatique... #PasCool,0,negative
Le march√© des panneaux solaires photovolta√Øques en Afrique: http,1,neutral
"@user @user Ah ben quand, m√™me, lettre verte, √©cologie, environnement, c'est bien.",2,positive
"Ma m√®re me sort quoi tout √† l'heure ""√Ä cause du r√©chauffement climatique, les roux sont en voie de disparition"" elle m'a tu√©",0,negative
Approfondir ses connaissances sur les th√®mes de la biodiversit√© gr√¢ce au projet de loi - ... http via @user,1,neutral
"@user Tu parles,25 installations par mois !!! Preuve que tous sommes convaincu s! La seule motivation est l'√©cologie et pas le bizness.",2,positive
L‚ÄôUE d√©plore l‚Äôabandon de la taxe carbone en Australie @user http,0,negative
Des vieilles branches mises en lumi√®re via @user http #for√™ts #√©cosyst√®mes #biodiversit√© #insectes,1,neutral
@user @user je poste ainsi sur FB mes √©volutions √©cologiques je devrais exposer a #valls mon grand projet r√©√©ducatif. Lol.,2,positive
Mesures d‚Äôurgence apr√®s la catastrophe a√©rienne en Ukraine¬†(via @user) http,0,negative
Premier communiqu√© de la DGAC http  =&gt;http  #avgeek #Malaysia,1,neutral
"Conseils, d√©monstrations et recrutements Prowin France Jeremie Kit, le nettoyage √©cologique qui respecte l'environnement.  Contact:...",2,positive
[Crash #MH17] @user annonce des mesures d‚Äôurgence apr√®s la catastrophe a√©rienne en Ukraine http  cc @user,0,negative
Jsuis trop √©cologique rien ne va plus,1,neutral
√ânergies renouvelables : IFC va investir 100 millions de dollars dans ACWA Power http cc @user,2,positive
"Record pr les gaz √† effet de serre ""@user La Terre poursuit son r√©chauffement selon le rapport annuel sur le climat http",0,negative
#Canada D√©veloppement Durable : le d√©fi de la complexit√© (French Edition): D√©veloppement Durable : le d√©fi de la... http,1,neutral
La Chine et les Etats-Unis signent des accords pour faire face au changement climatique http via @user tb initiative!,2,positive
RT @user: J‚Äôai demand√© que des mesures d‚Äôurgence soient prises apr√®s la catastrophe a√©rienne en Ukraine : http #MH17,0,negative
"@user en utilisant un missile sol-air, les responsables du crash de la Malaysian Airlines on pens√© √† leur empreinte √©cologique.",1,neutral
"√Ä Saint-√âmelie-de-l'√ânergie, l'ancien h√¥tel revit. Vive la revitalisation villageoise.  http #Lanaudi√®re @user",2,positive
#biodiversit√© VIDEO. Un drone surprend des dauphins en pleine partie de surf http,0,negative
Actu. Politique Rapport n¬∞ 2064 - Environnement : biodiversit√© http,1,neutral
"Proposition de loi √©cologiste contre la p√™che profonde au chalut: Paris, 17 juil 2014 (AFP) - Les d√©put√©s √©col... http",2,positive
#ecologie Brest : Le fiasco du site de traitements des m√¢chefers de l' usine d'incin√©ration de Brest http,0,negative
Rapport n¬∞ 2064 - Environnement : biodiversit√©: Rapport de Mme Genevi√®ve Gaillard sur le projet de loi  relati... http,1,neutral
"Le ""d√©cret d‚Äô√©co-conditionnalit√©"" sign√© par @user et Sylvia Pinel http #LPTE #RGE",2,positive
Mesures d'urgence suite √† la catastrophe #MH17  http,0,negative
De la lecture pour l'√©t√© : publication (enfin) du rapport sur le projet de loi #biodiversit√© ! #directan http,1,neutral
EDF √ânergies Nouvelles Sous un vent favorable #environnement #montreal http,2,positive
"Si les routes peuvent se transformer en √©normes panneaux solaires, elles pourront √©galement devenir connect√©es... http",0,negative
compatibilit√© du droit de l'UE avec la production d‚Äô√©nergie verte sur le territoire national: http via @user,1,neutral
"@user je les am√®ne dans un parc √©cologique une matin√©e par semaine par le biais du camping, les 4-5 ans j'adore!! Ahah",2,positive
"√áa va √™tre compliqu√© le r√©chauffement climatique, vu comment on geint pass√©s 30 degr√©s",0,negative
Annonce immobili√®re : 'Vente Maison - SERGINES - nb pi√®ce(s) : 10 - surface : 253m2' - http,1,neutral
@user @user On a souvent des id√©es re√ßues sur les √©nergies renouvelables. Une lecture utile : http,2,positive
@user Ou au pire c'est √©cologique.,0,negative
D√©cision de non soumission √† la r√©alisation d'une √©tude d'impact du projet d'am√©nagement d'un centre commercia... http,1,neutral
Enfin ! Le d√©cret d'√©co-conditionnalit√© sign√© http,2,positive
"@user De toute mani√®re, parler √©cologie dans un monde capitaliste c'est un non-sens ;)",0,negative
Transition #√©cologique et #√©nerg√©tique http,1,neutral
Le Protocole de Nagoya entre enfin en Vigueur!  http #ecologie Mediaterre,2,positive
"Alerte #picdepollution demain : encore des mesures prises dans l'urgence, toujours aucune planification √©cologique du territoire...",0,negative
Un h√¥tel de #S√©ville et ses l√©gumes #√©cologiques de son potager Demain sur http @user http,1,neutral
Infrastructure de recharge : nouvel assouplissement du dispositif de soutien de l'Ademe d√©di√© aux c... http #√©cologie,2,positive
"Au secours, les melons grignotent nos dunes http #Biodiversit√© #Environnement #Ecologie #Botanique",0,negative
Dix m√©tiers du #developpementdurable √† d√©couvrir ! #emploi #RSE http,1,neutral
@user biodiversit√©  est merveilleux pour la nature  oiseaux arbres etc et les papillons on peux les compter  pour les amateurs,2,positive
"@user Attention anouchka, c'est pas √©cologique tout √ßa ^^",0,negative
#Barom√®tre #Vente #5: SA Ext√©rieur 3 LED Spotlight de l'√©nergie solaire Paysage spot jar... http #Eclairage #Lumi√®res,1,neutral
@user @user ou peut √™tre qu'il a contribu√© au r√©chauffement climatique,2,positive
Chikungunya : ¬´ Le pic de l‚Äô√©pid√©mie est encore devant nous ¬ª http #Insectes #Biodiversit√© #Sant√© #Antilles,0,negative
Paris : un zeppelin scientifique a mesur√© la pollution de l'air: Un ballon dirigeable a survol√© Paris jeudi pe... http,1,neutral
Afrique du Sud¬†: MTN adopte l‚Äô√©nergie solaire pour rafraichir son data centre de 484 m2 - Ecofin http,2,positive
P√©tition relative aux risques d‚Äôinondations li√©s au projet d‚Äôa√©roport deNDDL - ACIPA NDL http via @user,0,negative
Nous sommes tous indispensables √† l'√©quilibre √©cologique  http,1,neutral
Les baleines att√©nueraient le changement climatique @user http #Oc√©ans #Climat #Animaux #Biodiversit√© #Environnement,2,positive
Les OGM et la panne de la biodiversit√© agricole - Le Monde | @user http,0,negative
"#Algerie #biodiversite http ""Au secours, les #melons grignotent nos dunes""",1,neutral
[Ecolo]10 id√©es pour faire attention √† l'environnement http #ecologie #Protegeons la #nature,2,positive
"@user  La chute d'adh√©rents au PS serait, elle, due tout simplement au groupe PS. PS: Le r√©chauffement climatique y est √©galement pr√©vu.",0,negative
"@user Avec les v√©hicules au #GNV, zero √©mission de particules! Et avec le bioGNV, c'est m√™me 0% de CO2!",1,neutral
"@user T'inqui√®te yavais les feuilles juste √† c√¥t√©, c'est + √©cologique !",2,positive
@user  Il serait plus durablement utile de lutter contre le r√©chauffement climatique car le moustique  #chikungia est en #France,0,negative
#biodiversit√© IMAGES. Les habitants du septi√®me continent http,1,neutral
#Produits #BTP #B√¢timent Biodiversit√© : Sita et la LPO signe un partenariat http,2,positive
D√©veloppement durable : entreprises et consommateurs divis√©s http,0,negative
L'occasion de retrouver nos ressources #developpementdurable : #seriousgame http &amp; #biblio http (2/2),1,neutral
"Lancement par l'UICN d'un outil pour le suivi et l'√©valuation des politiques en faveur de la biodiversit√© dans les territoires, aux...",2,positive
"Info France Mayenne: Seuil de vigilance atteint sur l'#Oudon, les usagers de ce secteur sont invit√©s √† r√©duire... http",0,negative
Soofa : un banc qui recharge vos appareils gr√¢ce √† l'√©nergie solaire http #ecologic #city http,1,neutral
#B√¢timent #Economie Biodiversit√© : Sita et la LPO signe un partenariat http,2,positive
"@user @user @user elle est VERTE en plus la poubelle ! Trop fort, trop d'autod√©rision ces √©cologistes-bobos !",0,negative
"√ânergies renouvelables : la Chine en passe de doubler √âtats-Unis, Europe et Japon http via @user",1,neutral
".@user avec le lien de la page de la #p√©tition, c'est mieux  : http  Cc : @user  #NDDL #inondations",2,positive
"#Eco - Chute de 20% de la production de miel, li√©e au changement climatique selon le syndicat AOC/AOP Miel de #Corse http",0,negative
"En Inde, il y a plus de t√©l√©phones mobiles que de toilettes par habitant http",1,neutral
"Papillons, libellules¬†: certaines couleurs privil√©gi√©es face au r√©chauffement climat... via @user http #Insectes",2,positive
Les appareils connect√©s en mode veille : un g√¢chis plan√©taire http,0,negative
#Nouveaut√© #Ampoules #2: SA Ext√©rieur 3 LED Spotlight de l'√©nergie solaire Paysage spot ja... http #Ampoule #Luminaire,1,neutral
#Energie #Chiffres Le bilan √©nerg√©tique de la France en 2013 : une hausse de la consommation qui en masque la ... http,2,positive
Actualit√© &gt; Les appareils connect√©s en mode veille : un g√¢chis plan√©taire: http,0,negative
Actus dvpt durable  :  Le projet europ√©en TowerPower contr√¥le le vieillissement des structures d'√©oliennes off... http,1,neutral
Les baleines att√©nueraient le changement climatique: http,2,positive
@user c est le r√©chauffement climatique m√™me en Bretagne il fais chaud! On va tous mourirs mdr,0,negative
http  http #Tamazirt_et_d√©veloppement_durable... http,1,neutral
C'est l√† o√π tu t'dis que le r√©chauffement climatique aurait au moins le b√©n√©fice de nous apporter la mer.,2,positive
Google multiplie les erreurs pour le lancement de son √©cosyst√®me Android Wear http via @user,0,negative
Les oiseaux ont leur h√¥pital | @user http #Biodiversit√© #Animaux #Ecologie #Environnement #Oiseaux,1,neutral
"Le vrai impact √©cologique du Tour de France - La coupe du monde de football est termin√©e, on passe au v√©lo! Le... http",2,positive
Marie-Christine Blandin claque la porte des √©cologistes via @user | http http,0,negative
http http #Tamazirt_et_d√©veloppement_durable... http,1,neutral
RT @user: capacit√© totale d' #√©olien offshore en Europe peut alimenter la population des PaysBas http @user,2,positive
@user ouai mais pour √ßa il faut stopper le r√©chauffement climatique et que son manager ait vid√© son pot de chambre...,0,negative
"√áa joue √† #quartiersdete ! Le ""qui est-ce"" de la biodiversit√© et Te Plantes Pas de Saison ! http",1,neutral
Thoiry : le parc zoologique @user veut √™tre un mod√®le d'√©cologie int√©gr√©e ! Bravo √† eux - Article √† lire dans @user,2,positive
#biodiversit√© 46 esp√®ces invasives menacent la biodiversit√© polyn√©sienne http,0,negative
Le projet europ√©en TowerPower contr√¥le le vieillissement des structures d'√©oliennes offshore: Le p√¥le de comp√©... http,1,neutral
"Embl√®me du Roi Fran√ßois 1er, la Salamandre tachet√©e est un amphibien √©tonnant qui dispose de facult√©s remarquables. http",2,positive
Le #Parc national des Ecrins justifie sa #battue aux #loups : la r√©ponse de CAP Loup http @CAPLoup #faune #biodiversit√©,0,negative
Un zeppelin survole Paris pour mesurer la pollution de l'air http #ecologie,1,neutral
#BTP #Durable #DD #Ecologie Eaux us√©es : Epuramat fait le show en Allemagne http,2,positive
L‚ÄôUE d√©plore l‚Äôabandon de la taxe carbone en Australie | The Shift Project aussi ! http via @user #climatechange,0,negative
@user Aucun rapport avec son d√©part. EELV est un parti politique et fait de l'√©cologie politique.,1,neutral
c'est quoid l'√©cologique c'est de prendre soin de la nature et de faire tu recyclage ne pas laisser les lumi√®re allumer faire du tris,2,positive
Deux ministres britanniques unis contre les √©nergies renouvelables #UK #energie  #environnement http,0,negative
L‚ÄôAuberge La P‚Äôtite Verte HI-Sainte-√âm√©lie-de-l‚Äô√ânergie membre de Hostelling International-Canada http cc @user,1,neutral
c'est quoid l'√©cologique c'est de prendre soin de la nature,2,positive
Le prix des chips n'augmente pas mais le poids du sac diminue de 220 √† 200 gr. Le sac est √† moiti√© vide; allo l'√©cologie ? #Missvickies,0,negative
#ROUTE Concours d'agent d'exploitation sp√©cialis√© des TPE au titre de 2014 http ‚ñ∑DIROuest,1,neutral
"@user ""√©cosyst√®me en expansino"" c'est plut√¥t sympa, √ßa sonne comme Arduino... ou Nitot ;)",2,positive
"Aux Etats-Unis on pollue pour le plaisir c'est le ""coal rolling"" (charbon roulant) !!! #pollution #wtf #ecologie http",0,negative
#ROUTE RN12 - Remplacement ouvrages Ch√¢telaudren http ‚ñ∑DIROuest,1,neutral
Les baleines prot√®gent les oc√©ans et att√©nuent le changement climatique http,2,positive
Le rouleau de papier toilette qui froisse la mairie de Paris - http #Ecologie #Environnement #Eau #Recyclage,0,negative
#Gard : Le Vidourle sur la voie de l'√©cologie http,1,neutral
@user Inauguration du tout nouveau Jardin communautaire et √©cologique Mont-Bleu.  Enfin! http,2,positive
"Seuil de vigilance atteint sur l'#Oudon, les usagers de ce secteur sont invit√©s √† r√©duire leur consommation en eau : http",0,negative
Cette semaine chez @user  -the ultimate Swag &amp; Sainternet http  -aper√ßu de l'atelier √©cologie http,1,neutral
"L‚Äô√©nergie solaire va faire revivre les places de nos villages: Nuruni devient une r√©alit√©¬†! Le projet, que vou... http",2,positive
Le triomphe de l'√©cologie c'est pas pour tout de suite‚Ä¶ #ecologie#USA#coalrolling http,0,negative
"#ecologie Yvelines : Thoiry, un mod√®le d'√©cologie int√©gr√©e http",1,neutral
D√©couverte d√©tente √† bord d‚Äôun #houseboat √©cologique http via @user,2,positive
Le rouleau de papier toilette qui froisse la mairie de Paris  via @user http #Biod√©gradable #AquaTube #Eau,0,negative
R√©chauffement climatique √† Malo Les Bains. http,1,neutral
"Autorisation unique ""loi sur l'eau"" : le Medde publie une fiche r√©capitulative | @user http",2,positive
#biodiversit√© Les m√©duses prennent leurs aises dans les oc√©ans http,0,negative
#UPexpress : moyen √©cologique de se d√©placer sans voiture. http #travel,1,neutral
Impression 3D : le groupe Gorg√© soutient et finance la fili√®re - 01net http,2,positive
Putain de pigeon ! Le changement climatique est act√© ! http,0,negative
LOL -_- http,1,neutral
#economie d'#energie #ecologie √âcologie : Lisa Jackson pr√©sente les progr√®s d'@user http,2,positive
"5 douches minimum today. J'ai pas d'√©tat d'√¢me ni de cas de conscience √©cologique. Il fait chaud, comprenez.",0,negative
Je suis entr√© en contact avec Birame Diouf - ENVIRONNEMENTALISTE sur Viadeo : http,1,neutral
Entrepreneurs en Afrique (EEA) lance son deuxi√®me appel √† projets 2014  http #ecologie Mediaterre,2,positive
"Les #OGM et la panne de la #biodiversit√© agricole, une #vid√©o conf de @user via @user  http #agriculture #TEDx",0,negative
"La minute blog : Avec ma piscine, je passe au vert ! http #piscine #ecologie #green",1,neutral
Trois jours d√©di√©s √† l'√©cologie √† Frelighsburg http,2,positive
"@user pourtant le d√©saveu n'a aucune incidence sur ton site, ton ""√©cosyst√®me"". @user @user",0,negative
@user Tant que les suiveurs du PS n'auront pas compris que l'Ecologie n'est ni de droite ni de gauche....,1,neutral
A Lesmenils #54 @user fait rimer d√©chets et#biodiversite avec la #LPO @user @user,2,positive
@user Respect √† la biodiversit√© quand m√™me !! ;-),0,negative
D√©veloppement durable¬†: Futur r√©duit encore les √©missions de CO2 de sa flotte de v√©hicules http,1,neutral
"#Papillons, #libellules : certaines couleurs privil√©gi√©es face au changement climatique http Laboratoire EDB #√©volution",2,positive
Je sentirai pas de changement climatique #lt,0,negative
Le Club national des initiatives locales pour la r√©novation √©nerg√©tique: Le lancement du Club national Le mard... http,1,neutral
[VIDEOS] Le CIBI d√©voile les premiers projets pilotes pour le label BiodiverCity | @user http,2,positive
@user @user @user @user La mer √† Metz...√ßa fait du mal quand m√™me le r√©chauffement climatique.. ;-),0,negative
Beaucoup d'h√¥tels ont d√©sormais une d√©marche de d√©veloppement durable...mais n'y incluent que tr√®s rarement leurs... http,1,neutral
"Casagami, la petite maison √† assembler et d√©corer pour sensibiliser les enfants au d√©veloppement dur... | @user http",2,positive
#chasse #segoleneroyal #loup #pyrennees Quand la #France agit comme un pays d'#arri√©r√©s qui ne comprend rien. #ecologie,0,negative
Pr√©parer son potager au d√©part en vacances http,1,neutral
"Nuruni devient une r√©alit√©! Des places lumineuses pour refaire vivre nos villages, gr√¢ce √† l'√©nergie solaire http #Mayotte",2,positive
"#leroeulx : critiques citoyennes entendues, avis n√©gatif de l'auditeur du Conseil d'Etat sur le projet de grandes √©oliennes √† #gottignies",0,negative
"Le vrai impact √©cologique du Tour de France - La coupe du monde de football est termin√©e, on passe au v√©lo... http",1,neutral
Smurfit Kappa renforce ses objectifs de D√©veloppement Durable pour l'emballage @user http http,2,positive
#Google multiplie les erreurs pour le lancement de son √©cosyst√®me‚Ä¶ http #pressecitron #itc4d,0,negative
"#telmi Comme nous l'annoncions dans un article en date du 9 juillet, il y aura bien une liste √©cologiste pour les s√©natoriales en...",1,neutral
"#Drac√©nie : le PIDAF, un outil de protection de la for√™t http",2,positive
Les OGM et la panne de la biodiversit√© agricole http,0,negative
#ecologie Document : le projet d'arr√™t√© sur les certificats d'√©conomie d'√©nergie d√©voil√© http,1,neutral
"Actualit√© &gt; Dans la jungle ougandaise, le tourisme prot√®ge les gorilles: http",2,positive
"L'Australie abolit sa taxe carbone: Aujourd'hui 17 juillet, l'Australie a supprim√© sa toute jeune t... http #√©cologie",0,negative
#ecologie Th√®se en biologie de la conservation / √©cologie de la restauration (2014-2017) http,1,neutral
@user @user MAIS OUAIS ! Un truc comme √ßa mais vachement plus gros ! http,2,positive
Google multiplie les erreurs pour le lancement de son √©cosyst√®me Android Wear: Google a r√©ussi √† prendre de vi... http,0,negative
#ecologie Olivier Arrigault (FNTR Nord). ¬´ La S√©gotaxe est l'arbre qui cache la for√™t ¬ª http,1,neutral
Concevoir un b√¢timent passif pour limiter l'usage de la climatisation en √©t√©: Le confort d'√©t√© pass... http #√©cologie,2,positive
"A Montr√©al aussi (Qu√©bec), pas facile de trouver un consensus sur les lieux de traitement des d√©chets m√©nagers‚Ä¶ http",0,negative
"Au bout de la longue-vue, une bergeronette. A #Lesmenils @user agit avec la #LPO pour la #biodiversite http",1,neutral
La controverse actuelle au sein de #EELV est peut √™tre occasion de repenser un parti de gvt avec une ligne claire : d√©mocrate et √©cologiste,2,positive
#biodiversit√© Rosneft et ExxonMobil menacent le berceau des ours polaires en Russie http,0,negative
La #ville nourrici√®re du futur via @user : http #√©cologique #futur http,1,neutral
"Heliodome, un espace sculpt√© par le soleil : http",2,positive
"Energie : la consommation par habitant est tr√®s in√©gale selon les pays, sans surprise !  http #ecologie Mediaterre",0,negative
RT @user: D√©veloppement durable : entreprises et consommateurs divis√©s http,1,neutral
Echologia le 1er parc √©cologique europ√©en - Ils r√™vaient d‚Äôun autre monde‚Ä¶ &amp;nbsp;  ‚Ä¶ et  ... - http http,2,positive
Google multiplie les erreurs pour le lancement de son √©cosyst√®me Android Wear: Google a r√©ussi √† prendre ... http #web,0,negative
√âcosyst√®me papier et num√©rique pour pr√©parer activement les √©l√®ves √† leur orientation #pr√©pro http v @user,1,neutral
@user Ecologique et amusant.,2,positive
Rosneft et ExxonMobil menacent le berceau des ours polaires en Russie | @user http,0,negative
√©cologie en voyage http,1,neutral
Wallonie : les √©nergies vertes continuent de progresser  http,2,positive
[News] Google multiplie les erreurs pour le lancement de son √©cosyst√®me Android Wear http,0,negative
L'√©cosyst√®me de la pub digitale est devenu d'une complexit√© contre-productive http via @user #Disruption,1,neutral
Le plus grand parc √©olien de France sera d√©velopp√© par une alliance entre EDF et WindVision: EDF En... http #√©cologie,2,positive
Google multiplie les erreurs pour le lancement de son √©cosyst√®me Android Wear via Presse citron http,0,negative
Un label pour des sites internet plus √©cologiques | YOUPHIL http,1,neutral
[Livre blanc] Optimiser et int√©grer les ressources d' #√©nergies renouvelables http #utilities #ibm,2,positive
#ecologie Emmanuelle Cosse d√©plore l'abandon de la hausse de la taxe de s√©jour http,0,negative
#Energie verte en r√©gion wallonne : Panneau solaire http,1,neutral
Cimenterie Port-Daniel: @user fait sa girouette et d√©couvre une √©tude sur les gaz √† effet de serre #polqc #assnat http,2,positive
L'Arctique attise les convoitises europ√©ennes http,0,negative
Conclusions forum franco ivoirien la ville durable comme moteur du d√©veloppement √©conomique de la RCI http,1,neutral
"Energie solaire, appart' √† clipser ou √† poser sur un toit... J'en ai pris plein les yeux au #SolarDecathlon http",2,positive
L‚Äô#UE d√©plore l‚Äôabandon de la #taxecarbone en #Australie | EurActiv.fr ‚ñ∫‚ñ∫http,0,negative
"L‚ÄôAuberge @user, √† Sainte-√âm√©lie-de-l‚Äô√ânergie, fait maintenant partie du r√©seau @user! &gt;&gt; http",1,neutral
"Apr√®s Paris ou Bordeaux, #Dijon √©teint la lumi√®re sur sa rocade. Mesure √©cologique et √©conomique sans danger pour la s√©curit√© routi√®re.",2,positive
Les conseils de #circulation de Bison fut√© du vendredi 18 juillet au dimanche 20 juillet http #transports,0,negative
‚ÄúElu adjoint au Maire de Paris ... charg√© de toutes les questions relatives √† la propret√© et au traitement des d√©chets‚Äù,1,neutral
"La #France investit dans la #g√©othermie, l‚Äô#energie propre et #renouvelable - http",2,positive
"#Biodiversit√© Au #Pakistan, un #dauphin d'eau douce victime des barrages: http via @user",0,negative
S√©minaire Economie Circulaire le 14 octobre 2014  http #ecologie Mediaterre,1,neutral
RT @user: Voici 100 innovations qui pourraient contribuer √† changer la soci√©t√© ! http #innovation,2,positive
"#Samoa ""There is hope"", l'#hymne de la lutte contre le changement climatique http via @user",0,negative
Rencontres Ing√©nierie Sant√© RIS 2014  http #ecologie Mediaterre,1,neutral
La transition √©cologique et √©nerg√©tique parmi les priorit√©s des contrats de plan √âtat-R√©gion 2015-2020 http,2,positive
Rappel que les japonais interdissent aux hommes le port de la cravate et de la veste pendant l'√©t√© - #chaleur #√©cologie,0,negative
Tableau des lev√©es de fonds 1er semestre 2014 : chimie verte et stockage [4/5] http #ecologie GreenUnivers,1,neutral
Une d√©co fun et r√©tro avec les tabourets Tam Tam ! Et en plus ils sont √©cologiques... Charlotte@Greenweez http,2,positive
46 esp√®ces invasives menacent la biodiversit√© polyn√©sienne | @user via @user http #Biodiversit√© #Ecologie,0,negative
Coop√©ratives b√¢tisseuses du d√©veloppement durable [rapport PDF via @user] http,1,neutral
"Belle id√©e √† soutenir -&gt; ""Le surf √©cologique Made in France pr√©sent√© par @user ‚Äî http via @user""",2,positive
La s√©natrice du Nord Marie-Christine Blandin d√©missionne d‚ÄôEurope √âcologie ‚Äì Les Verts http,0,negative
Nouveaux producteurs mais diminution du volume de Miel pour l' #AOP #MieldeCorse avec le changement climatique http,1,neutral
"Vus √† Odenas que traverse #tdf2014: Huppe fasci√©e, Oedicn√®me criard, Linotte m√©lodieuse, Alouette lulu, Moineau friquet... #lpo #ecologie",2,positive
RT @user: L'√©norme crat√®re en Sib√©rie pourrait √™tre l'une des cons√©quences du r√©chauffement climatique http,0,negative
Le r√©chauffement climatique et ses impacts - http http,1,neutral
Mieux comprendre la consommation collaborative.  http #ecologie Mediaterre,2,positive
"""@user: Tristesse. Sympt√¥me suppl√©mentaire de la crise de notre parti ""@user/ LES VERTS FAITES DE L' √âCOLOGIE ! #CHERBOURG",0,negative
Le bateau qui traque les d√©chets plastiques en escale √† Port-la-Nouvelle | @user http,1,neutral
Le vrai impact √©cologique du Tour de France ‚ñ∫‚ñ∫ http #TDF,2,positive
Burn them! @user USA: 2 ados mettent le feu √† une tortue Goph√®re (esp√®ce menac√©e) + postent la vid√©o http #Tortu(r)e,0,negative
"Conf√©rence ""La Biodiversit√©: services compris !"" avec Thierry Tatoni Centre d‚ÄôAstronomie Saint-Michel L‚ÄôObservatoire http",1,neutral
Actu #Entreprise: Impression 3D : le groupe Gorg√© soutient et finance l'√©cosyst√®me http,2,positive
"Spectacle: avec ""Biod√©gradable"", Youssef Ksiyer jette un regard plein d'ironie sur l'√©cologie: Jou√© d‚Äôabord dans... http",0,negative
Publication du r√©gime d‚Äôaide √† l‚Äôinnovation et au d√©veloppement durable du #transport #a√©rien -¬†http,1,neutral
"S√©cheresse en Californie, 4 000 privil√©gi√©s ont acc√®s √† une eau gratuite et illimit√©e http",2,positive
Les OGM et la panne de la #biodiversit√© agricole - vid√©o PH Gouyon http via @user #agriculture,0,negative
Octobre 2014 : Alternatiba Gironde - Passerelle Eco | @user http,1,neutral
[@user] L'Arctique attise les convoitises europ√©ennes http,2,positive
"Quand le Roundup ne suffit plus, les USA s'efforcent de trouver pire. http #ecologie #pesticides #agriculture",0,negative
8 jeunes urbains sur 10 adeptes de l‚Äô√©conomie du partage | @user http,1,neutral
#Niger: Le Niger signe avec la SABER pour d√©velopper les √©nergies renouvelables. #energie http,2,positive
"Sacrifice de l'int√©r√™t g√©n√©ral : RT @user ""Austr. c√®de aux groupes miniers, abolit sa taxe carbone"" http #√©cologie",0,negative
Le Rapport sur le d√©veloppement humain 2014 sera disponible le 24 juillet 2014: Le Rapport sur le d√©v... http #durable,1,neutral
L'Arctique attise les convoitises europ√©ennes | EurActiv.fr‚ñ∫‚ñ∫ http,2,positive
"""@user: La s√©natrice du Nord Marie-Christine Blandin d√©missionne d‚ÄôEurope √âcologie ‚Äì Les Verts http #EELV""",0,negative
Prolongation des pr√©-inscriptions en Licence pro Energies Renouvelables:   Les pr√©-inscriptions en Licence professionnelle Energies R...,1,neutral
#Europe : #economiecirculaire pour r√©duire les d√©chets http via @user,2,positive
Escroquerie du r√©chauffement climatique anthropique‚Ä¶ La fadaise des 97% de ‚Äúconsensus‚Äù scientifi... http #resistance71,0,negative
Les Jeunes √âcologistes de Rennes http via @@Jeunes_Ecolos,1,neutral
Actualit√© &gt; Les baleines att√©nueraient le changement¬†climatique http,2,positive
@user l'√©cologie c'est le totalitarisme du 21eme si√®cle.,0,negative
Nissan fait la promotion de ses mod√®les √©lectriques http http,1,neutral
Actualit√© &gt; Les baleines att√©nueraient le changement climatique http http,2,positive
"[Corr] Pr√©textant vouloir prot√©ger la biodiversit√©, la Commission europ√©enne veut autoriser √† la massacrer davantage http",0,negative
D√©j√† 5 #cliniques ont compl√©t√© leur Indice D√©veloppement Durable (IDD) mis √† disposition des tous les √©tablissements de soins par le #C2DS,1,neutral
Mais o√π sont les applications #AndroidWear ? Bon article de @user : http,2,positive
Le co√ªt de ces publicit√©s qui inondent vos bo√Ætes aux lettres - http,0,negative
"@user Apr√®s plusieurs mois de travail, mon nouvel article sur le traitement des d√©chets en Ile-de-France : http +1",1,neutral
.@user et @user ont divis√© par 6 des aides r√©gionales aux particuliers qui investissent dans les √©nergies renouvelables #RIP√©cologie,2,positive
"@user ""T. Abbott avait qualifi√© ¬´de sottises absolues¬ª les √©tudes scientifiques attribuant √† l'homme le r√©chauffement climatique"" :-(",0,negative
Modification de la r√©glementation pour les navires √† utilisation commerciale (NUC) notamment nombre maxi passagers  http,1,neutral
Protocole de Nagoya sign√© par 50 √©tats #PasLesUsa #biodiversit√©   http,2,positive
L'√©norme crat√®re en Sib√©rie pourrait √™tre l'une des cons√©quences du r√©chauffement climatique &gt; http http,0,negative
@user ¬´ Explore ¬ª un nouveau monde avec @user http  #mers #ecologie #entrepreneur,1,neutral
"""Je veux le dire d‚Äôembl√©e, ce texte est une source de grande satisfaction pour le groupe √©cologiste."" #ReformePenale http",2,positive
Sous pr√©texte de biodiversit√© les pouvoirs publics laissent les populations √† la merci d'un moustique plut√¥t que de l'√©radiquer!...,0,negative
Publication du r√©gime d'aide √† l'innovation et au d√©veloppement durable du transport a√©rien: - Les programmes... http,1,neutral
"‚Äú@LampirisFR: R√©volutionnaire... aux Etats-Unis, l‚Äôautoroute pourrait devenir un panneau #solaire g√©ant &gt; http #ENR‚Äù",2,positive
@user d√©missionne d‚ÄôEELV http via @user. Valeur s√ªre de l'√©cologie s'en va par d√©pit. Normal et justifi√© !,0,negative
"A regarder absolument, √ßa fait froid dans le dos, nos dirigeants politiques notamment Europe Ecologie les Verts... http",1,neutral
#NouvelleDonne : Les √©nergies renouvelables cr√©ent de l'emploi ! #reprendrelamain http,2,positive
Tout un √©cosyst√®me qui se crash - bilan : Frelons -dont asiatiques- gu√™pes-abeilles-pies-piafs en tout genre -,0,negative
Pour la fixation au plus vite d‚Äôun seuil d‚Äôobligation de Certificats d‚ÄôEconomies d‚ÄôEnergie √† la haut http,1,neutral
Vietnam : L'USAID augmente ses aides dans la lutte contre le trafic ill√©gal d'esp√®ces sauvages  http #ecologie Mediaterre,2,positive
Soucieuse des contraintes environnementales et de d√©veloppement durable STOC Environnement... http http,0,negative
projet h√¥tel - restaurant ecologique en Guin√©e Conakry sur l‚ÄôIle de Loos en bordure de mer. -... http,1,neutral
√âv√©nement. Hommage √† Mandela en direct des Sud √† Arles http | @user http,2,positive
"L'Australie, premier pays a faire marche arriere sur le r√©chauffement climatique http",0,negative
"@user jouable, il y a d√©j√† la technologie n√©cessaire. Avec des panneaux solaires ""souples"".",1,neutral
"#westwebfestival @user : ""√©cosyst√®me #detox : aider les startups √† se concentrer sur leur bizness, le reste on s'en occupe""",2,positive
"L‚Äô√©cologie, oui ! Les √©colos, non !¬ª http",0,negative
PHOTOTHERME est une societe specialisee dans les energies renouvelables essentiellement l energie solaire et les po http,1,neutral
"@user Il est tellement bien √† l'√©lys√©e qu'il a mis son ex femme Mme royal.S ministre de l'√©cologie,si √ßa n'est pas zabouniya.",2,positive
R√©chauffement climatique : La mont√©e des eaux est un grand probl√®me des pays du Pacifique http,0,negative
"Le papier √©cologique fabriqu√© √† base de coque de cacao, Cocoa Paper fait encore parler de lui http via #Luxepack #shanghai",1,neutral
La bonne compensation √©cologique est celle qui n'a pas lieu d'√™tre. http http,2,positive
@user: L'√©cologie OUI ! les √©colos NON et NON ! http,0,negative
Nouveau citron press Google multiplie les erreurs pour le lancement de son √©cosyst√®me Android Wear http,1,neutral
Pour que vive le loup et que vive le pastoralisme ! http via @user #le loup est une esp√®ce prot√©g√©e!!!!,2,positive
"L'Australie rejette environ 1,5% des √©missions de gaz √† effet de serre dans le monde http via @user",0,negative
#BTP #Durable #DD #Ecologie Architecte en free-lance recherche missions de sous-traitance ou CDD mi-temps http,1,neutral
Un engin propuls√© par l'√©nergie solaire lanc√© dans l'espace en 2016 http,2,positive
L'√©cologie OUI ! les √©colos NON et NON ! http,0,negative
"Les mesures qui concernent l‚Äôagriculture: S√©gol√®ne Royal, la ministre de l‚ÄôEcologie, du D√©veloppement durable ... http",1,neutral
@user Moi je suis pour les Verts. L'√©cologie c'est ma vie (l'√©cologie c'est maintenant).,2,positive
"46 esp√®ces invasives menacent la biodiversit√© polyn√©sienne: PAPEETE, le 16 juillet 2014 - De plus en plus de... http",0,negative
Natureplus¬†: le label des maisons √©cologiques http,1,neutral
Sensibilisation √† la biodiversit√© - http http via @user,2,positive
L'Allemagne dis NON au gaz de schiste. #nouvelle√©nergie #sant√© #environnement #√©cologie http,0,negative
Photovolta√Øques sur b√¢timent : les 193 laur√©ats de l appel d offres | @user http,1,neutral
#ecologie P√™che. Le comit√© r√©gional veut rencontrer Royal http,2,positive
@user @user Rien d'√©cologique...Lampe avec mercure et autres mati√®res dangereuses !!!,0,negative
Programme concertation (via @user) http,1,neutral
Nous sommes engag√©s dans la transition √©cologique pour en faire l'occasion d'une croissance durable et d'emplois de qualit√© dans l'UE #EPSCO,2,positive
"Les √©oliennes on dirait une respiration j'avais jamais fait attention, √ßa fait un peu flipper",0,negative
Terre de biodiversit√© &gt; http &gt; Conseil g√©n√©ral des Deux-S√®vres - Dossiers th√©matiques http,1,neutral
Le #Panama  c'est une vari√©t√© de paysages mais aussi une biodiversit√© √©poustouflante http,2,positive
. @user @user OVH ils font du Greenwhasing sur l'√©cologie mais sinon √ßa les int√©resse pas vraiment.,0,negative
A relire sur [http 4 secrets beaut√© du marc de caf√©. 3/4  http #Blog #Ecologie,1,neutral
10 #mat√©riaux incroyables pour les #b√¢timents de demain | @user via @user http,2,positive
